ts,vib_fs,vib_n,ms_capture,ms_total,failed_bursts,bad_frames,retries,total_retries,rms_x,rms_y,rms_z,peak_x,peak_y,peak_z,kurt_x,kurt_y,kurt_z,fdom_x,fdom_y,fdom_z,adom_x,adom_y,adom_z,aud_fs,aud_n,aud_rms,aud_b0,aud_b1,aud_b2,aud_b3
2026-08-25T20:14:46.379+02:00,1000,1024,1024,1053,0,0,1,6,0.1032,0.1454,0.4383,0.249,0.3434,6.1406,2.271,2.241,188.092,447.5,447.53,448.32,0.0877,0.1167,0.081,16000,1024,1741.33,0.0062,0.9912,0.0017,0.0008
2026-08-25T20:15:16.370+02:00,1000,1024,1024,1053,0,0,0,6,0.0984,0.1511,0.078,0.2457,0.3522,0.2039,2.294,2.181,2.423,49.64,446.86,446.83,0.0671,0.1186,0.0564,16000,1024,1561.22,0.0066,0.9924,0.0005,0.0004
2026-08-25T20:15:46.360+02:00,1000,1024,1024,1053,0,0,2,8,0.1058,0.1463,0.0823,0.2916,0.3432,0.2557,2.268,2.156,2.464,446.51,446.51,446.51,0.0796,0.1071,0.0565,16000,1024,1617.91,0.0142,0.9848,0.0005,0.0005
2026-08-25T20:16:16.350+02:00,1000,1024,1024,1053,0,0,1,9,0.1031,0.1511,0.2085,0.2434,0.3449,6.1598,2.253,2.169,744.108,49.6,446.65,446.69,0.0716,0.111,0.0546,16000,1024,1583.3,0.0115,0.9874,0.0005,0.0006
2026-08-25T20:16:46.340+02:00,1000,1024,1024,1053,0,0,1,10,0.0995,0.1588,0.0835,0.2523,0.3793,0.3412,2.336,2.184,2.851,447.83,447.87,447.92,0.1008,0.1681,0.0756,16000,1024,1689.02,0.0124,0.9864,0.0007,0.0004
2026-08-25T20:17:16.331+02:00,1000,1024,1024,1053,0,0,0,10,0.0987,0.1576,0.0821,0.2432,0.3804,0.2605,2.278,2.135,2.769,447.88,447.87,447.89,0.1111,0.1922,0.0844,16000,1024,1672.03,0.0091,0.9874,0.003,0.0005
2026-08-25T20:17:46.323+02:00,1000,1024,1024,1053,0,0,1,11,0.1005,0.163,0.2,0.2788,0.4143,5.8484,2.272,2.16,713.797,446.85,446.86,449.14,0.0806,0.1414,0.0528,16000,1024,1778.95,0.0043,0.9951,0.0004,0.0003
2026-08-25T20:18:16.315+02:00,1000,1024,1024,1053,0,1,0,11,0.106,0.1569,0.4293,0.5033,0.3832,6.1311,2.556,2.158,188.087,447.15,447.11,446.65,0.0743,0.1179,0.0775,16000,1024,1534.74,0.0131,0.9853,0.0006,0.001
2026-08-25T20:18:46.303+02:00,1000,1024,1024,1053,0,2,0,11,0.1028,0.1617,0.0825,0.2419,0.3934,0.2514,2.247,2.225,2.473,447.75,447.74,447.75,0.1089,0.1781,0.0795,16000,1024,1539.26,0.005,0.994,0.0007,0.0004
2026-08-25T20:19:16.295+02:00,1000,1024,1024,1053,0,4,0,11,0.1082,0.1558,0.3439,0.2595,0.3899,6.1414,2.189,2.228,297.904,447.64,447.64,447.29,0.1297,0.1881,0.0982,16000,1024,1536.4,0.0109,0.9879,0.0004,0.0008
2026-08-25T20:19:46.285+02:00,1000,1024,1024,1053,0,4,0,11,0.1013,0.1685,0.2083,0.2737,0.4102,6.1514,2.241,2.023,742.24,447.93,447.94,447.93,0.1148,0.2072,0.086,16000,1024,1767.15,0.0056,0.9934,0.0004,0.0005
2026-08-25T20:20:16.272+02:00,1000,1024,1024,1053,0,4,4,15,0.1056,0.1652,0.2009,0.5039,0.3995,5.8419,2.664,2.167,697.603,447.74,447.74,447.73,0.1167,0.1903,0.0857,16000,1024,1645.78,0.0049,0.9938,0.0007,0.0007
2026-08-25T20:20:46.264+02:00,1000,1024,1024,1053,0,4,0,15,0.1012,0.1708,0.0822,0.2573,0.3885,0.2194,2.274,2.068,2.409,447.91,447.91,447.88,0.1164,0.2101,0.0847,16000,1024,1727.59,0.0055,0.9931,0.0003,0.001
2026-08-25T20:21:16.258+02:00,1000,1024,1024,1054,0,4,2,17,0.1028,0.1686,0.084,0.2768,0.418,0.2208,2.305,2.077,2.496,447.83,447.86,447.85,0.1069,0.1903,0.0834,16000,1024,1874.74,0.0061,0.9933,0.0004,0.0002
2026-08-25T20:21:46.248+02:00,1000,1024,1024,1053,0,4,0,17,0.0998,0.1748,0.2082,0.2526,0.4062,6.148,2.322,1.987,743.05,446.91,446.93,447.03,0.0863,0.1754,0.0539,16000,1024,1886.57,0.0029,0.9963,0.0003,0.0004
2026-08-25T20:22:16.252+02:00,1000,1024,1024,1053,0,4,0,17,0.0997,0.1746,0.4732,0.2328,0.4054,6.1204,2.266,2.006,158.932,447.99,448.0,448.04,0.1124,0.2169,0.0875,16000,1024,1657.37,0.0048,0.9943,0.0004,0.0005
2026-08-25T20:22:46.229+02:00,1000,1024,1024,1053,0,4,0,17,0.1013,0.1792,0.2768,0.2707,0.4117,6.1336,2.311,2.139,426.885,447.46,447.42,447.34,0.0793,0.1556,0.0588,16000,1024,1895.7,0.0025,0.9964,0.0005,0.0006
2026-08-25T20:23:16.220+02:00,1000,1024,1024,1053,0,4,0,17,0.1009,0.1732,0.4238,0.2499,0.3976,6.1182,2.261,2.099,188.355,447.94,447.94,447.95,0.1177,0.2154,0.1031,16000,1024,1885.45,0.0049,0.9943,0.0003,0.0005
2026-08-25T20:23:46.210+02:00,1000,1024,1024,1053,0,4,3,20,0.1086,0.1775,0.0877,0.2419,0.4015,0.3219,2.143,2.067,2.829,447.22,447.2,447.19,0.0811,0.1432,0.0615,16000,1024,2020.6,0.0074,0.9921,0.0002,0.0003
2026-08-25T20:24:16.202+02:00,1000,1024,1024,1053,0,4,0,20,0.1043,0.1804,0.2102,0.2726,0.3878,6.1391,2.29,1.956,710.817,447.37,447.38,447.26,0.0857,0.1583,0.0702,16000,1024,2000.22,0.0061,0.9934,0.0003,0.0003
2026-08-25T20:24:46.196+02:00,1000,1024,1026,1055,0,5,6,26,0.1073,0.1904,0.2115,0.2675,0.4546,6.1358,2.287,2.037,692.003,447.53,447.52,447.5,0.0793,0.1494,0.0712,16000,1024,2193.0,0.0034,0.9961,0.0003,0.0003
2026-08-25T20:25:16.182+02:00,1000,1024,1024,1053,0,5,5,31,0.1066,0.1833,0.2861,0.2524,0.4069,6.4376,2.186,1.988,417.692,447.9,447.93,447.73,0.1045,0.1917,0.0922,16000,1024,1789.74,0.0012,0.9981,0.0003,0.0004
2026-08-25T20:25:46.173+02:00,1000,1024,1024,1053,0,5,0,31,0.109,0.1817,0.4285,0.2704,0.4098,6.1116,2.194,1.949,186.975,447.44,447.44,140.58,0.0897,0.1632,0.0747,16000,1024,2044.91,0.0034,0.9961,0.0003,0.0002
2026-08-25T20:26:16.164+02:00,1000,1024,1024,1053,0,5,3,34,0.1105,0.1875,0.2031,0.2713,0.4201,5.8226,2.264,1.936,659.407,446.95,446.94,446.92,0.0903,0.1712,0.0702,16000,1024,2015.79,0.0042,0.9951,0.0003,0.0003
2026-08-25T20:26:46.153+02:00,1000,1024,1024,1053,0,5,0,34,0.1096,0.2,0.473,0.2714,0.4377,6.1047,2.238,1.893,157.441,447.92,447.91,50.39,0.1123,0.2244,0.0749,16000,1024,2209.05,0.0025,0.9968,0.0004,0.0003
2026-08-25T20:27:16.144+02:00,1000,1024,1024,1053,0,5,0,34,0.1113,0.2016,0.0884,0.2681,0.4571,0.2949,2.244,1.981,2.453,448.04,448.02,448.04,0.1309,0.2656,0.0987,16000,1024,2043.13,0.0031,0.9959,0.0003,0.0007
2026-08-25T20:27:46.135+02:00,1000,1024,1024,1053,0,5,1,35,0.1096,0.2,0.2023,0.2613,0.4312,5.8276,2.158,1.925,672.453,446.94,446.93,446.94,0.0935,0.1887,0.0895,16000,1024,1994.13,0.0041,0.9953,0.0003,0.0002
2026-08-25T20:28:16.125+02:00,1000,1024,1024,1053,0,5,1,36,0.1115,0.2042,0.4453,0.284,0.4569,6.101,2.194,1.911,152.452,447.97,447.95,448.1,0.1274,0.2526,0.0939,16000,1024,2197.81,0.0028,0.9968,0.0003,0.0002
2026-08-25T20:28:46.116+02:00,1000,1024,1024,1053,0,5,1,37,0.1144,0.198,0.2026,0.2849,0.4789,5.8233,2.221,1.935,667.187,447.33,447.38,447.41,0.091,0.165,0.0811,16000,1024,2025.28,0.0114,0.9875,0.0008,0.0003
2026-08-25T20:29:16.107+02:00,1000,1024,1024,1053,0,5,0,37,0.1147,0.192,0.327,0.2707,0.4087,5.8099,2.171,1.91,291.884,447.42,447.47,447.24,0.0959,0.1694,0.0807,16000,1024,2322.25,0.0046,0.9948,0.0003,0.0003
2026-08-25T20:29:46.099+02:00,1000,1024,1024,1053,0,5,0,37,0.119,0.1942,0.3328,0.2922,0.493,6.1161,2.171,1.951,292.611,447.75,447.75,447.63,0.1395,0.2474,0.1125,16000,1024,2303.8,0.0018,0.9977,0.0003,0.0002
2026-08-25T20:30:16.089+02:00,1000,1024,1024,1053,0,5,2,39,0.1193,0.1905,0.0932,0.2807,0.4174,0.3028,2.104,1.911,2.51,447.64,447.65,447.62,0.1411,0.234,0.1001,16000,1024,2170.4,0.0062,0.9932,0.0003,0.0003
2026-08-25T20:30:46.080+02:00,1000,1024,1024,1053,0,5,0,39,0.1213,0.1929,0.2799,0.2732,0.4291,6.1259,2.072,1.94,406.197,447.67,447.68,447.71,0.1528,0.2519,0.148,16000,1024,2030.95,0.0038,0.9953,0.0006,0.0004
2026-08-25T20:31:16.071+02:00,1000,1024,1024,1053,0,5,3,42,0.1182,0.1965,0.0932,0.2633,0.4211,0.3126,2.137,1.902,2.516,447.81,447.79,447.81,0.139,0.257,0.1035,16000,1024,2012.54,0.0079,0.9911,0.0003,0.0008
2026-08-25T20:31:46.061+02:00,1000,1024,1024,1053,0,5,2,44,0.1198,0.1947,0.0966,0.3058,0.4225,0.3122,2.166,1.922,2.504,447.58,447.55,447.5,0.1066,0.1869,0.0808,16000,1024,2034.04,0.0052,0.9939,0.0004,0.0006
2026-08-25T20:32:16.052+02:00,1000,1024,1024,1053,0,5,4,48,0.1214,0.1911,0.2135,0.5095,0.4253,6.1266,2.464,1.935,662.728,447.05,447.07,446.88,0.0705,0.1193,0.0518,16000,1024,2134.28,0.0041,0.995,0.0002,0.0007
2026-08-25T20:32:46.041+02:00,1000,1024,1024,1053,0,5,2,50,0.1227,0.1866,0.0945,0.2775,0.4545,0.305,2.127,1.984,2.423,447.7,447.71,447.7,0.1401,0.2271,0.1039,16000,1024,1994.93,0.0029,0.9966,0.0003,0.0003
2026-08-25T20:33:16.032+02:00,1000,1024,1024,1053,0,5,2,52,0.1178,0.1769,0.0921,0.327,0.4248,0.2759,2.238,2.069,2.35,447.03,447.04,446.97,0.0815,0.1285,0.0607,16000,1024,2003.23,0.0021,0.9973,0.0003,0.0003
2026-08-25T20:33:46.023+02:00,1000,1024,1024,1053,0,5,0,52,0.1121,0.174,0.7103,0.2624,0.4194,6.0498,2.234,2.045,69.036,447.86,447.85,2.98,0.1319,0.2194,0.1675,16000,1024,2124.7,0.0043,0.9951,0.0002,0.0005
2026-08-25T20:34:16.013+02:00,1000,1024,1024,1053,0,5,0,52,0.1092,0.1722,0.2104,0.2698,0.4144,6.1307,2.319,2.09,704.207,447.84,447.85,447.86,0.099,0.1659,0.0766,16000,1024,2045.83,0.0061,0.9935,0.0003,0.0002
2026-08-25T20:34:46.004+02:00,1000,1024,1024,1053,0,5,1,53,0.1095,0.161,0.2102,0.264,0.4193,6.1264,2.215,2.175,704.439,446.84,446.84,447.16,0.0817,0.1221,0.0617,16000,1024,1886.3,0.006,0.9932,0.0005,0.0004
2026-08-25T20:35:15.995+02:00,1000,1024,1024,1053,0,5,0,53,0.1057,0.1705,0.4607,0.3234,0.4125,6.3965,2.355,2.095,152.243,447.97,448.02,448.02,0.1053,0.1838,0.0569,16000,1024,1901.06,0.0062,0.9929,0.0002,0.0007
2026-08-25T20:35:45.986+02:00,1000,1024,1024,1053,0,5,0,53,0.1043,0.1599,0.4162,0.2723,0.3741,6.1016,2.26,2.039,171.155,448.02,447.99,448.46,0.1141,0.1974,0.0973,16000,1024,1892.18,0.004,0.9949,0.0006,0.0005
2026-08-25T20:36:15.977+02:00,1000,1024,1024,1053,0,6,0,53,0.1089,0.1611,0.298,0.2794,0.3863,5.8122,2.345,2.079,313.695,447.91,447.93,448.16,0.1243,0.1986,0.1025,16000,1024,2032.28,0.0054,0.9941,0.0002,0.0002
2026-08-25T20:36:45.968+02:00,1000,1024,1024,1053,0,6,0,53,0.1042,0.1642,0.1996,0.2726,0.3724,5.8188,2.405,2.04,704.904,448.13,448.12,448.12,0.1166,0.2043,0.0876,16000,1024,1889.72,0.0054,0.9938,0.0004,0.0004
2026-08-25T20:37:15.959+02:00,1000,1024,1024,1053,0,6,3,56,0.1084,0.1637,0.3476,0.5085,0.384,6.4168,2.688,2.083,299.84,447.91,447.9,447.54,0.1095,0.1792,0.0961,16000,1024,1727.75,0.013,0.9863,0.0003,0.0005
2026-08-25T20:37:45.949+02:00,1000,1024,1024,1053,0,6,0,56,0.1085,0.1836,0.4752,0.2537,0.4308,6.0864,2.285,1.972,145.289,446.92,446.92,187.41,0.0967,0.1804,0.083,16000,1024,2047.82,0.0074,0.9921,0.0003,0.0002
2026-08-25T20:38:15.941+02:00,1000,1024,1024,1053,0,6,0,56,0.1029,0.1742,0.3861,0.274,0.3793,6.1054,2.288,1.972,232.819,447.94,447.96,447.9,0.1204,0.2178,0.0849,16000,1024,2115.97,0.004,0.9955,0.0002,0.0003
2026-08-25T20:38:45.929+02:00,1000,1024,1024,1053,0,6,0,56,0.1099,0.1741,0.0838,0.2606,0.4265,0.225,2.225,2.002,2.411,447.22,447.22,447.19,0.0853,0.1502,0.0588,16000,1024,1799.99,0.0043,0.9947,0.0005,0.0006
2026-08-25T20:39:15.920+02:00,1000,1024,1024,1053,0,6,4,60,0.1112,0.1788,0.0869,0.2809,0.4081,0.2644,2.224,1.962,2.668,447.84,447.84,447.88,0.1234,0.2147,0.0839,16000,1024,1903.07,0.0069,0.9926,0.0003,0.0002
2026-08-25T20:39:45.911+02:00,1000,1024,1024,1053,0,6,0,60,0.1151,0.1747,0.3261,0.3523,0.3974,5.805,2.186,1.987,294.083,446.97,446.91,447.05,0.086,0.141,0.0611,16000,1024,2002.71,0.0071,0.9926,0.0003,0.0001
2026-08-25T20:40:15.901+02:00,1000,1024,1024,1053,0,6,2,62,0.1144,0.1803,0.0867,0.2963,0.416,0.2477,2.267,1.932,2.43,447.63,447.64,447.64,0.1013,0.1742,0.0691,16000,1024,2142.48,0.003,0.9966,0.0002,0.0002
2026-08-25T20:40:45.892+02:00,1000,1024,1024,1053,0,6,0,62,0.1171,0.1823,0.0852,0.3202,0.4044,0.2537,2.286,1.98,2.391,447.86,447.89,447.88,0.1398,0.2356,0.0927,16000,1024,2058.81,0.0288,0.9708,0.0003,0.0002
2026-08-25T20:41:15.883+02:00,1000,1024,1024,1053,0,6,0,62,0.1122,0.1867,0.0812,0.3017,0.4352,0.2212,2.273,1.989,2.503,448.03,448.02,448.05,0.1303,0.2394,0.0848,16000,1024,2288.97,0.0032,0.9963,0.0002,0.0002
2026-08-25T20:41:45.875+02:00,1000,1024,1024,1053,0,7,2,64,0.1119,0.1902,0.1991,0.275,0.427,5.8087,2.212,1.897,707.723,447.64,447.67,447.27,0.0909,0.1742,0.064,16000,1024,2276.03,0.0022,0.9974,0.0002,0.0002
2026-08-25T20:42:15.865+02:00,1000,1024,1024,1053,0,8,0,64,0.1122,0.1882,0.1991,0.2868,0.3882,5.8064,2.291,1.929,706.724,447.67,447.67,448.34,0.0994,0.1869,0.0686,16000,1024,2052.18,0.0062,0.9934,0.0002,0.0002
2026-08-25T20:42:45.856+02:00,1000,1024,1024,1053,0,8,2,66,0.1084,0.1931,0.0788,0.2672,0.42,0.2187,2.242,1.872,2.359,448.29,448.27,448.28,0.1235,0.247,0.0784,16000,1024,2187.7,0.0051,0.9943,0.0005,0.0002
2026-08-25T20:43:15.847+02:00,1000,1024,1024,1053,0,8,0,66,0.1116,0.1965,0.3242,0.5008,0.4117,5.7956,2.505,1.901,299.18,448.19,448.21,448.03,0.1158,0.2297,0.0886,16000,1024,2136.18,0.0058,0.9938,0.0002,0.0001
2026-08-25T20:43:45.837+02:00,1000,1024,1024,1053,0,8,0,66,0.112,0.194,0.0799,0.3309,0.4465,0.2269,2.259,1.919,2.517,447.28,447.29,447.32,0.0885,0.1798,0.058,16000,1024,2420.6,0.0025,0.9972,0.0002,0.0001
2026-08-25T20:44:15.828+02:00,1000,1024,1024,1053,0,8,0,66,0.108,0.1928,0.2749,0.3012,0.4119,6.1069,2.308,1.897,431.496,448.23,448.24,448.58,0.1201,0.2465,0.0837,16000,1024,2236.33,0.0027,0.9969,0.0002,0.0002
2026-08-25T20:44:45.816+02:00,1000,1024,1024,1053,0,8,1,67,0.1101,0.1955,0.3812,0.2839,0.4253,6.0934,2.272,1.892,231.189,447.13,447.15,447.34,0.088,0.1755,0.0745,16000,1024,2453.14,0.0101,0.9893,0.0005,0.0002
2026-08-25T20:45:36.230+02:00,1000,1024,1027,1057,0,0,50,50,0.1143,0.1884,0.0822,0.2719,0.42,0.2629,2.126,1.893,2.7,447.32,447.3,447.33,0.04,0.0741,0.0258,16000,1024,2073.78,0.011,0.9886,0.0002,0.0001
2026-08-25T20:46:06.216+02:00,1000,1024,1024,1053,0,0,0,50,0.1125,0.1852,0.0794,0.2833,0.4058,0.2527,2.27,1.937,2.49,447.98,447.99,447.98,0.1115,0.2051,0.0729,16000,1024,2314.76,0.0119,0.9878,0.0002,0.0001
2026-08-25T20:46:36.220+02:00,1000,1024,1024,1053,0,0,4,54,0.1138,0.1892,0.082,0.2945,0.4167,0.2345,2.22,1.951,2.473,448.02,448.03,448.04,0.1327,0.246,0.0829,16000,1024,1951.32,0.0085,0.991,0.0003,0.0002
2026-08-25T20:47:06.196+02:00,1000,1024,1024,1053,0,0,17,71,0.1095,0.1814,0.0802,0.2527,0.3879,0.2517,2.244,1.97,2.827,447.97,447.97,447.97,0.1262,0.234,0.0816,16000,1024,2139.36,0.009,0.9906,0.0002,0.0002
2026-08-25T20:48:06.177+02:00,1000,1024,1024,1053,1,1,1,86,0.1035,0.1789,0.0772,0.3302,0.414,0.2125,2.28,1.958,2.494,448.21,448.2,448.19,0.1103,0.2127,0.0684,16000,1024,2259.65,0.0123,0.9874,0.0002,0.0002
2026-08-25T20:48:36.168+02:00,1000,1024,1024,1053,1,1,4,90,0.1077,0.1753,0.0768,0.2749,0.3933,0.2306,2.306,1.987,2.648,447.59,447.6,447.6,0.0915,0.165,0.056,16000,1024,2207.34,0.0035,0.9961,0.0002,0.0002
2026-08-25T20:49:06.159+02:00,1000,1024,1024,1053,1,1,1,91,0.1066,0.1795,0.079,0.2967,0.411,0.3214,2.315,1.913,2.911,446.93,446.96,446.95,0.0961,0.1795,0.0604,16000,1024,2245.5,0.0076,0.992,0.0002,0.0001
2026-08-25T20:49:36.148+02:00,1000,1024,1024,1053,1,1,4,95,0.1014,0.1685,0.0743,0.2502,0.3945,0.2535,2.427,2.026,2.694,448.0,448.0,447.98,0.0817,0.1555,0.0511,16000,1024,2119.87,0.0234,0.9763,0.0002,0.0001
2026-08-25T20:50:06.139+02:00,1000,1024,1024,1053,1,1,4,99,0.1027,0.1754,0.0743,0.296,0.414,0.2239,2.339,2.001,2.623,448.19,448.19,448.15,0.113,0.2182,0.0716,16000,1024,2041.91,0.0082,0.9914,0.0002,0.0002
2026-08-25T20:50:36.130+02:00,1000,1024,1024,1053,1,1,0,99,0.0992,0.1619,0.072,0.2536,0.3612,0.2073,2.331,2.013,2.662,447.01,447.01,447.05,0.0798,0.153,0.0476,16000,1024,1972.37,0.0049,0.9943,0.0005,0.0003
2026-08-25T20:51:06.120+02:00,1000,1024,1024,1053,1,1,2,101,0.0996,0.1609,0.0709,0.2431,0.3541,0.2274,2.394,2.073,2.654,448.23,448.23,448.22,0.1018,0.1965,0.0624,16000,1024,2010.33,0.0037,0.9956,0.0005,0.0002
2026-08-25T20:51:36.111+02:00,1000,1024,1024,1053,1,1,2,103,0.0984,0.1607,0.0708,0.3009,0.3648,0.2188,2.505,1.984,2.929,447.31,447.3,447.31,0.073,0.1393,0.0421,16000,1024,1915.74,0.0067,0.993,0.0002,0.0002
2026-08-25T20:52:06.103+02:00,1000,1024,1024,1053,1,1,1,104,0.097,0.1578,0.0719,0.2346,0.3597,0.2836,2.389,2.041,2.932,448.14,448.13,448.14,0.0883,0.169,0.0521,16000,1024,1898.79,0.0059,0.9937,0.0003,0.0002
2026-08-25T20:52:36.091+02:00,1000,1024,1024,1053,1,1,2,106,0.0983,0.1594,0.0725,0.2529,0.3604,0.2315,2.486,2.02,2.728,448.21,448.22,448.21,0.1063,0.1994,0.0628,16000,1024,1939.62,0.0046,0.9948,0.0004,0.0002
2026-08-25T20:53:06.084+02:00,1000,1024,1024,1053,1,1,1,107,0.0961,0.1516,0.0673,0.2398,0.3537,0.1961,2.359,2.117,2.689,448.29,448.29,448.27,0.1007,0.1872,0.0586,16000,1024,1850.5,0.0053,0.9941,0.0004,0.0002
2026-08-25T20:53:36.076+02:00,1000,1024,1024,1053,1,2,1,108,0.0961,0.1536,0.0696,0.2644,0.3674,0.2219,2.476,2.074,2.704,448.36,448.38,448.28,0.0839,0.1607,0.0542,16000,1024,1885.11,0.0051,0.9944,0.0002,0.0002
2026-08-25T20:54:06.065+02:00,1000,1024,1024,1054,1,2,1,109,0.0953,0.1469,0.0685,0.2731,0.3586,0.2209,2.458,2.152,2.892,448.25,448.21,448.21,0.0864,0.1576,0.0507,16000,1024,1912.25,0.0025,0.9969,0.0003,0.0003
2026-08-25T20:55:06.049+02:00,1000,1024,1027,1057,2,3,1,164,0.0948,0.1456,0.0686,0.2557,0.3346,0.2046,2.558,2.095,2.688,49.68,447.08,49.71,0.0721,0.1258,0.043,16000,1024,1782.57,0.0727,0.9249,0.0018,0.0005
2026-08-25T20:55:36.038+02:00,1000,1024,1024,1053,2,3,0,164,0.0964,0.147,0.0675,0.245,0.3592,0.2288,2.512,2.109,2.872,448.19,448.2,448.18,0.0869,0.1634,0.0534,16000,1024,1668.81,0.0052,0.9942,0.0003,0.0003
2026-08-25T20:56:06.028+02:00,1000,1024,1024,1053,2,4,3,167,0.0954,0.1425,0.0686,0.2436,0.3679,0.2406,2.445,2.186,2.801,448.4,448.41,448.39,0.0791,0.1451,0.047,16000,1024,1810.42,0.0061,0.993,0.0007,0.0002
2026-08-25T20:56:36.018+02:00,1000,1024,1024,1054,2,4,3,170,0.0933,0.1416,0.0667,0.2423,0.3178,0.228,2.358,2.139,2.841,49.71,447.33,49.79,0.0698,0.1152,0.0369,16000,1024,1745.27,0.0065,0.993,0.0003,0.0002
2026-08-25T20:57:06.010+02:00,1000,1024,1024,1054,2,4,3,173,0.0945,0.1473,0.0672,0.236,0.3574,0.2476,2.391,2.098,2.756,448.52,448.52,448.47,0.0961,0.1796,0.0556,16000,1024,1670.82,0.0061,0.9931,0.0005,0.0003
2026-08-25T20:57:36.000+02:00,1000,1024,1024,1053,2,5,0,173,0.091,0.1404,0.0692,0.2566,0.3391,0.2372,2.522,2.195,2.757,49.76,448.42,49.87,0.0754,0.1181,0.0434,16000,1024,1747.29,0.0067,0.9928,0.0003,0.0002
2026-08-25T20:58:05.992+02:00,1000,1024,1024,1054,2,5,3,176,0.094,0.1486,0.0665,0.2448,0.348,0.2153,2.431,2.073,2.762,49.79,448.46,448.49,0.0748,0.1454,0.0434,16000,1024,1578.48,0.0053,0.9939,0.0005,0.0003
2026-08-25T20:58:35.981+02:00,1000,1024,1024,1053,2,5,8,184,0.0939,0.1447,0.0663,0.2802,0.334,0.2364,2.452,2.172,2.86,448.39,448.4,448.4,0.0721,0.1372,0.0411,16000,1024,1537.12,0.0078,0.991,0.0008,0.0004
2026-08-25T20:59:35.963+02:00,1000,1024,1024,1053,3,5,3,230,0.0959,0.1427,0.0687,0.2565,0.3306,0.2228,2.402,2.099,2.695,447.97,448.0,447.98,0.0829,0.1475,0.051,16000,1024,1326.5,0.0086,0.9904,0.0006,0.0004
2026-08-25T21:00:05.955+02:00,1000,1024,1024,1054,3,5,3,233,0.098,0.1409,0.068,0.2547,0.3646,0.2225,2.368,2.144,2.849,447.97,447.94,447.99,0.1012,0.1708,0.0567,16000,1024,1502.75,0.006,0.9933,0.0004,0.0003
2026-08-25T21:00:35.944+02:00,1000,1024,1024,1054,3,5,49,282,0.1067,0.1499,0.0788,0.2691,0.3609,0.3341,2.356,2.216,3.129,447.65,447.57,49.42,0.0418,0.0642,0.0322,16000,1024,1515.54,0.0096,0.9891,0.001,0.0003
2026-08-25T21:01:05.935+02:00,1000,1024,1024,1053,3,5,4,286,0.1003,0.1452,0.0666,0.2894,0.347,0.243,2.347,2.191,2.773,447.7,447.69,447.66,0.1008,0.166,0.0563,16000,1024,1848.98,0.1565,0.8415,0.0014,0.0006
2026-08-25T21:01:35.926+02:00,1000,1024,1024,1053,3,6,0,286,0.099,0.1465,0.0703,0.2714,0.3741,0.2693,2.41,2.124,3.008,447.78,447.7,447.72,0.0793,0.146,0.0484,16000,1024,1592.6,0.0039,0.9951,0.0005,0.0005
2026-08-25T21:02:05.916+02:00,1000,1024,1024,1053,3,6,0,286,0.0944,0.1441,0.0657,0.2336,0.319,0.1993,2.44,2.118,2.875,447.85,447.85,447.85,0.0842,0.1528,0.0459,16000,1024,1583.43,0.0042,0.995,0.0003,0.0005
