ts,health,streak,notify,lof,env,n_peaks,us_inference
2026-08-27T14:10:07.812+02:00,anomaly,1,0,-1.6871,-199.32,1,1942
2026-08-27T14:10:37.810+02:00,nominal,0,0,-0.9874,-8.98,1,1434
2026-08-27T14:11:07.814+02:00,nominal,0,0,-1.0305,-18.13,1,1390
2026-08-27T14:12:09.865+02:00,nominal,0,0,-1.013,-86.27,1,1915
2026-08-27T14:12:39.859+02:00,nominal,0,0,-1.128,-21.38,1,1295
2026-08-27T14:13:09.863+02:00,not_evaluable,0,0,0.0,0.0,0,6
2026-08-27T14:13:39.859+02:00,nominal,0,0,-1.1313,-46.14,1,1353
2026-08-27T14:14:09.860+02:00,nominal,0,0,-0.9773,-36.51,1,1277
2026-08-27T14:14:39.874+02:00,not_evaluable,0,0,0.0,0.0,0,6
2026-08-27T14:15:09.877+02:00,not_evaluable,0,0,0.0,0.0,0,6
2026-08-27T14:15:39.859+02:00,nominal,0,0,-1.0016,-30.01,1,1312
2026-08-27T14:16:09.861+02:00,nominal,0,0,-1.1343,-34.41,1,1351
2026-08-27T14:16:39.865+02:00,nominal,0,0,-1.1114,-39.87,1,1276
2026-08-27T14:17:09.862+02:00,not_evaluable,0,0,0.0,0.0,0,4
2026-08-27T14:17:39.863+02:00,nominal,0,0,-0.9904,-24.76,1,1341
2026-08-27T14:18:09.863+02:00,nominal,0,0,-0.9803,-39.77,1,1356
2026-08-27T14:18:39.861+02:00,not_evaluable,0,0,0.0,0.0,0,7
2026-08-27T14:19:09.862+02:00,nominal,0,0,-1.0315,-30.61,1,1274
2026-08-27T14:19:39.862+02:00,not_evaluable,0,0,0.0,0.0,0,7
2026-08-27T14:20:09.858+02:00,not_evaluable,0,0,0.0,0.0,0,7
2026-08-27T14:21:09.862+02:00,nominal,0,0,-1.0385,-34.68,1,1443
2026-08-27T14:21:39.862+02:00,not_evaluable,0,0,0.0,0.0,0,6
2026-08-27T14:22:09.862+02:00,anomaly,1,0,-1.4757,-313.8,1,1369
2026-08-27T14:22:39.863+02:00,not_evaluable,1,0,0.0,0.0,0,7
2026-08-27T14:23:09.863+02:00,not_evaluable,1,0,0.0,0.0,0,7
2026-08-27T14:23:39.864+02:00,nominal,0,0,-1.0198,-28.55,1,1342
2026-08-27T14:24:09.863+02:00,anomaly,1,0,-1.5133,-279.54,1,1252
2026-08-27T14:24:39.864+02:00,nominal,0,0,-1.0009,-25.33,1,1360
2026-08-27T14:25:09.864+02:00,nominal,0,0,-1.1054,-23.4,1,1390
2026-08-27T14:25:39.865+02:00,anomaly,1,0,-1.7012,-391.55,1,1346
2026-08-27T14:26:09.893+02:00,not_evaluable,1,0,0.0,0.0,0,6
2026-08-27T14:26:39.866+02:00,not_evaluable,1,0,0.0,0.0,0,6
2026-08-27T14:27:09.875+02:00,not_evaluable,1,0,0.0,0.0,0,6
2026-08-27T14:27:39.869+02:00,nominal,0,0,-1.2749,-154.3,1,1376
2026-08-27T14:28:09.872+02:00,nominal,0,0,-1.1657,-76.85,1,1323
2026-08-27T14:28:39.868+02:00,nominal,0,0,-1.4367,-50.69,1,1284
2026-08-27T14:29:09.870+02:00,nominal,0,0,-1.1595,-42.12,1,1345
2026-08-27T14:29:39.869+02:00,nominal,0,0,-1.1304,-36.14,1,1232
2026-08-27T14:30:09.868+02:00,anomaly,1,0,-14.5301,-115789.91,3,1252
2026-08-27T14:30:39.869+02:00,not_evaluable,1,0,0.0,0.0,0,13
2026-08-27T14:31:09.869+02:00,not_evaluable,1,0,0.0,0.0,0,14
2026-08-27T14:31:39.870+02:00,not_evaluable,1,0,0.0,0.0,0,12
2026-08-27T14:32:09.869+02:00,not_evaluable,1,0,0.0,0.0,0,14
2026-08-27T14:32:39.870+02:00,not_evaluable,1,0,0.0,0.0,0,12
2026-08-27T14:33:09.870+02:00,not_evaluable,1,0,0.0,0.0,0,13
2026-08-27T14:33:39.872+02:00,not_evaluable,1,0,0.0,0.0,0,14
2026-08-27T14:34:09.871+02:00,not_evaluable,1,0,0.0,0.0,0,13
2026-08-27T14:34:39.874+02:00,not_evaluable,1,0,0.0,0.0,0,14
2026-08-27T14:35:09.872+02:00,not_evaluable,1,0,0.0,0.0,0,7
2026-08-27T14:35:39.874+02:00,not_evaluable,1,0,0.0,0.0,0,11
2026-08-27T14:36:09.873+02:00,not_evaluable,1,0,0.0,0.0,0,12
2026-08-27T14:36:39.874+02:00,not_evaluable,1,0,0.0,0.0,0,11
2026-08-27T14:37:09.873+02:00,not_evaluable,1,0,0.0,0.0,0,14
2026-08-27T14:37:39.874+02:00,not_evaluable,1,0,0.0,0.0,0,14
2026-08-27T14:38:09.875+02:00,not_evaluable,1,0,0.0,0.0,0,13
2026-08-27T14:38:39.875+02:00,not_evaluable,1,0,0.0,0.0,0,11
2026-08-27T14:39:09.875+02:00,not_evaluable,1,0,0.0,0.0,0,7
2026-08-27T14:39:39.879+02:00,not_evaluable,1,0,0.0,0.0,0,4
2026-08-27T14:40:09.877+02:00,not_evaluable,1,0,0.0,0.0,0,7
2026-08-27T14:41:09.876+02:00,not_evaluable,1,0,0.0,0.0,0,11
2026-08-27T14:41:39.878+02:00,not_evaluable,1,0,0.0,0.0,0,11
2026-08-27T14:42:39.879+02:00,not_evaluable,1,0,0.0,0.0,0,13
2026-08-27T14:43:09.883+02:00,not_evaluable,1,0,0.0,0.0,0,7
2026-08-27T14:43:39.880+02:00,not_evaluable,1,0,0.0,0.0,0,14
2026-08-27T14:44:09.883+02:00,not_evaluable,1,0,0.0,0.0,0,13
2026-08-27T14:44:39.878+02:00,not_evaluable,1,0,0.0,0.0,0,11
2026-08-27T14:45:09.884+02:00,not_evaluable,1,0,0.0,0.0,0,11
2026-08-27T14:45:39.886+02:00,not_evaluable,1,0,0.0,0.0,0,4
2026-08-27T14:46:09.882+02:00,not_evaluable,1,0,0.0,0.0,0,11
2026-08-27T14:46:39.881+02:00,not_evaluable,1,0,0.0,0.0,0,14
2026-08-27T14:47:09.882+02:00,not_evaluable,1,0,0.0,0.0,0,14
2026-08-27T14:47:39.881+02:00,not_evaluable,1,0,0.0,0.0,0,14
2026-08-27T14:48:09.882+02:00,not_evaluable,1,0,0.0,0.0,0,14
2026-08-27T14:48:39.883+02:00,not_evaluable,1,0,0.0,0.0,0,11
2026-08-27T14:49:09.882+02:00,not_evaluable,1,0,0.0,0.0,0,11
2026-08-27T14:49:39.884+02:00,not_evaluable,1,0,0.0,0.0,0,14
2026-08-27T14:50:09.885+02:00,not_evaluable,1,0,0.0,0.0,0,14
2026-08-27T14:50:39.883+02:00,not_evaluable,1,0,0.0,0.0,0,14
2026-08-27T14:51:09.887+02:00,not_evaluable,1,0,0.0,0.0,0,13
2026-08-27T14:51:39.884+02:00,not_evaluable,1,0,0.0,0.0,0,10
2026-08-27T14:52:09.889+02:00,not_evaluable,1,0,0.0,0.0,0,14
2026-08-27T14:52:39.886+02:00,not_evaluable,1,0,0.0,0.0,0,13
2026-08-27T14:53:09.895+02:00,not_evaluable,1,0,0.0,0.0,0,14
2026-08-27T14:53:39.895+02:00,not_evaluable,1,0,0.0,0.0,0,7
2026-08-27T14:54:09.887+02:00,not_evaluable,1,0,0.0,0.0,0,6
2026-08-27T14:54:39.887+02:00,not_evaluable,1,0,0.0,0.0,0,14
2026-08-27T14:55:09.890+02:00,not_evaluable,1,0,0.0,0.0,0,11
2026-08-27T14:55:39.888+02:00,not_evaluable,1,0,0.0,0.0,0,12
2026-08-27T14:56:09.888+02:00,not_evaluable,1,0,0.0,0.0,0,12
2026-08-27T14:56:39.888+02:00,not_evaluable,1,0,0.0,0.0,0,11
2026-08-27T14:57:09.892+02:00,not_evaluable,1,0,0.0,0.0,0,14
2026-08-27T14:57:39.891+02:00,not_evaluable,1,0,0.0,0.0,0,14
2026-08-27T14:58:09.892+02:00,not_evaluable,1,0,0.0,0.0,0,12
2026-08-27T14:58:39.898+02:00,not_evaluable,1,0,0.0,0.0,0,4
2026-08-27T14:59:09.893+02:00,not_evaluable,1,0,0.0,0.0,0,8
2026-08-27T14:59:39.892+02:00,not_evaluable,1,0,0.0,0.0,0,13
2026-08-27T15:00:09.909+02:00,not_evaluable,1,0,0.0,0.0,0,4
2026-08-27T15:00:39.891+02:00,not_evaluable,1,0,0.0,0.0,0,12
2026-08-27T15:01:09.902+02:00,not_evaluable,1,0,0.0,0.0,0,12
2026-08-27T15:02:09.893+02:00,not_evaluable,1,0,0.0,0.0,0,14
2026-08-27T15:02:39.893+02:00,not_evaluable,1,0,0.0,0.0,0,14
2026-08-27T15:03:09.893+02:00,not_evaluable,1,0,0.0,0.0,0,14
2026-08-27T15:03:39.894+02:00,not_evaluable,1,0,0.0,0.0,0,14
2026-08-27T15:04:09.894+02:00,not_evaluable,1,0,0.0,0.0,0,14
2026-08-27T15:04:39.896+02:00,not_evaluable,1,0,0.0,0.0,0,14
2026-08-27T15:05:09.896+02:00,not_evaluable,1,0,0.0,0.0,0,13
2026-08-27T15:05:39.896+02:00,not_evaluable,1,0,0.0,0.0,0,14
2026-08-27T15:06:09.896+02:00,not_evaluable,1,0,0.0,0.0,0,12
2026-08-27T15:06:39.906+02:00,not_evaluable,1,0,0.0,0.0,0,6
2026-08-27T15:07:09.896+02:00,not_evaluable,1,0,0.0,0.0,0,12
2026-08-27T15:07:39.898+02:00,not_evaluable,1,0,0.0,0.0,0,14
2026-08-27T15:08:09.938+02:00,not_evaluable,1,0,0.0,0.0,0,12
2026-08-27T15:08:39.897+02:00,not_evaluable,1,0,0.0,0.0,0,7
2026-08-27T15:09:09.898+02:00,not_evaluable,1,0,0.0,0.0,0,11
2026-08-27T15:09:39.898+02:00,not_evaluable,1,0,0.0,0.0,0,12
2026-08-27T15:10:09.899+02:00,not_evaluable,1,0,0.0,0.0,0,4
2026-08-27T15:10:39.899+02:00,not_evaluable,1,0,0.0,0.0,0,13
2026-08-27T15:11:09.899+02:00,not_evaluable,1,0,0.0,0.0,0,14
2026-08-27T15:11:39.901+02:00,not_evaluable,1,0,0.0,0.0,0,12
2026-08-27T15:12:09.946+02:00,not_evaluable,1,0,0.0,0.0,0,14
2026-08-27T15:12:39.901+02:00,not_evaluable,1,0,0.0,0.0,0,14
2026-08-27T15:13:09.905+02:00,not_evaluable,1,0,0.0,0.0,0,13
2026-08-27T15:13:39.908+02:00,not_evaluable,1,0,0.0,0.0,0,8
2026-08-27T15:14:09.906+02:00,not_evaluable,1,0,0.0,0.0,0,13
2026-08-27T15:14:39.909+02:00,not_evaluable,1,0,0.0,0.0,0,12
2026-08-27T15:15:09.903+02:00,not_evaluable,1,0,0.0,0.0,0,10
2026-08-27T15:15:39.903+02:00,not_evaluable,1,0,0.0,0.0,0,6
2026-08-27T15:16:39.904+02:00,not_evaluable,1,0,0.0,0.0,0,6
2026-08-27T15:17:09.906+02:00,not_evaluable,1,0,0.0,0.0,0,11
2026-08-27T15:17:39.904+02:00,not_evaluable,1,0,0.0,0.0,0,14
2026-08-27T15:18:39.905+02:00,not_evaluable,1,0,0.0,0.0,0,14
2026-08-27T15:19:09.906+02:00,not_evaluable,1,0,0.0,0.0,0,14
2026-08-27T15:19:39.916+02:00,not_evaluable,1,0,0.0,0.0,0,6
2026-08-27T15:20:09.907+02:00,not_evaluable,1,0,0.0,0.0,0,12
2026-08-27T15:20:39.908+02:00,not_evaluable,1,0,0.0,0.0,0,12
2026-08-27T15:21:09.909+02:00,not_evaluable,1,0,0.0,0.0,0,11
2026-08-27T15:21:39.908+02:00,not_evaluable,1,0,0.0,0.0,0,12
2026-08-27T15:23:09.925+02:00,not_evaluable,1,0,0.0,0.0,0,7
2026-08-27T15:23:39.923+02:00,not_evaluable,1,0,0.0,0.0,0,6
2026-08-27T15:24:09.921+02:00,not_evaluable,1,0,0.0,0.0,0,14
2026-08-27T15:24:39.922+02:00,not_evaluable,1,0,0.0,0.0,0,14
2026-08-27T15:25:09.922+02:00,not_evaluable,1,0,0.0,0.0,0,13
2026-08-27T15:25:39.929+02:00,nominal,0,0,-1.4065,-241.76,1,1474
2026-08-27T15:26:09.923+02:00,nominal,0,0,-1.3279,-39.26,1,1255
2026-08-27T15:26:39.924+02:00,nominal,0,0,-1.1018,-17.1,1,1240
2026-08-27T15:27:09.924+02:00,nominal,0,0,-1.1337,-22.69,1,1255
2026-08-27T15:27:39.927+02:00,nominal,0,0,-1.0201,-15.61,1,1254
2026-08-27T15:28:39.926+02:00,nominal,0,0,-1.1613,-15.37,1,1324
2026-08-27T15:29:09.929+02:00,nominal,0,0,-1.2648,-45.44,1,1322
2026-08-27T15:29:39.930+02:00,nominal,0,0,-1.1847,-74.19,1,1325
2026-08-27T15:30:09.931+02:00,nominal,0,0,-1.0284,-41.48,1,1177
2026-08-27T15:30:39.936+02:00,nominal,0,0,-1.0063,-35.08,1,1275
2026-08-27T15:31:09.933+02:00,nominal,0,0,-0.9881,-22.94,1,1225
2026-08-27T15:31:39.928+02:00,nominal,0,0,-1.068,-27.24,1,1232
2026-08-27T15:32:09.928+02:00,nominal,0,0,-0.9848,-37.43,1,1312
2026-08-27T15:32:39.929+02:00,nominal,0,0,-1.0025,-40.67,1,1249
2026-08-27T15:33:09.928+02:00,nominal,0,0,-0.9994,-54.71,1,1270
2026-08-27T15:33:39.928+02:00,nominal,0,0,-1.0494,-40.52,1,1261
2026-08-27T15:34:09.929+02:00,nominal,0,0,-1.1021,-55.24,1,1294
2026-08-27T15:34:39.935+02:00,not_evaluable,0,0,0.0,0.0,0,7
2026-08-27T15:35:09.930+02:00,nominal,0,0,-1.0591,-63.1,1,1350
2026-08-27T15:35:39.930+02:00,nominal,0,0,-1.093,-61.28,1,1308
2026-08-27T15:36:09.932+02:00,nominal,0,0,-1.0288,-44.88,1,1279
2026-08-27T15:36:39.931+02:00,not_evaluable,0,0,0.0,0.0,0,7
2026-08-27T15:37:09.931+02:00,nominal,0,0,-1.1503,-103.33,1,1283
2026-08-27T15:38:09.932+02:00,anomaly,1,0,-1.504,-328.88,1,1358
2026-08-27T15:38:39.932+02:00,nominal,0,0,-0.9875,-67.05,1,1341
2026-08-27T15:39:09.935+02:00,nominal,0,0,-1.0773,-49.08,1,1233
2026-08-27T15:39:39.934+02:00,nominal,0,0,-1.0041,-52.55,1,1256
2026-08-27T15:40:09.936+02:00,nominal,0,0,-1.1475,-110.82,1,1325
2026-08-27T15:40:39.934+02:00,nominal,0,0,-1.0579,-30.37,1,1295
2026-08-27T15:41:09.934+02:00,nominal,0,0,-1.1004,-109.58,1,1333
2026-08-27T15:41:39.945+02:00,nominal,0,0,-1.0075,-61.42,1,1328
2026-08-27T15:42:09.937+02:00,nominal,0,0,-1.0205,-48.97,1,1244
2026-08-27T15:42:39.936+02:00,nominal,0,0,-1.184,-83.47,1,1280
2026-08-27T15:43:09.936+02:00,nominal,0,0,-0.9904,-55.91,1,1255
2026-08-27T15:43:39.936+02:00,not_evaluable,0,0,0.0,0.0,0,7
2026-08-27T15:44:09.942+02:00,nominal,0,0,-0.9943,-35.66,1,1265
2026-08-27T15:44:39.939+02:00,nominal,0,0,-1.0755,-55.59,1,1292
2026-08-27T15:45:09.944+02:00,nominal,0,0,-1.0996,-79.31,1,1268
2026-08-27T15:45:39.947+02:00,not_evaluable,0,0,0.0,0.0,0,7
2026-08-27T15:46:09.938+02:00,nominal,0,0,-1.0346,-45.96,1,1283
2026-08-27T15:46:39.939+02:00,nominal,0,0,-1.0936,-41.04,1,1355
2026-08-27T15:47:09.939+02:00,nominal,0,0,-1.1789,-68.71,1,1280
2026-08-27T15:47:39.952+02:00,nominal,0,0,-1.0047,-30.06,1,1222
2026-08-27T15:48:09.940+02:00,nominal,0,0,-1.3111,-132.26,1,1254
2026-08-27T15:49:09.941+02:00,nominal,0,0,-1.0366,-61.56,1,1353
2026-08-27T15:49:39.942+02:00,nominal,0,0,-1.0241,-32.25,1,1321
2026-08-27T15:50:09.958+02:00,not_evaluable,0,0,0.0,0.0,0,7
2026-08-27T15:50:39.942+02:00,nominal,0,0,-1.0123,-43.66,1,1276
2026-08-27T15:51:09.943+02:00,nominal,0,0,-0.9801,-43.88,1,1213
2026-08-27T15:51:39.943+02:00,nominal,0,0,-1.0032,-43.01,1,1316
2026-08-27T15:52:09.943+02:00,nominal,0,0,-1.0342,-47.7,1,1283
2026-08-27T15:52:39.945+02:00,nominal,0,0,-1.0047,-35.59,1,1245
2026-08-27T15:53:09.969+02:00,not_evaluable,0,0,0.0,0.0,0,4
2026-08-27T15:53:39.946+02:00,nominal,0,0,-1.0488,-36.21,1,1241
2026-08-27T15:54:09.945+02:00,nominal,0,0,-1.3988,-120.81,1,1269
2026-08-27T15:55:09.946+02:00,nominal,0,0,-1.0494,-34.44,1,1367
2026-08-27T15:55:39.947+02:00,nominal,0,0,-1.186,-64.26,1,1234
2026-08-27T15:56:09.946+02:00,nominal,0,0,-1.2113,-44.1,1,1265
2026-08-27T15:56:39.946+02:00,anomaly,1,0,-1.9804,-665.57,1,1298
2026-08-27T15:57:09.947+02:00,nominal,0,0,-1.1149,-46.64,1,1275
2026-08-27T15:57:39.949+02:00,not_evaluable,0,0,0.0,0.0,0,7
2026-08-27T15:58:09.948+02:00,not_evaluable,0,0,0.0,0.0,0,14
2026-08-27T15:58:39.948+02:00,not_evaluable,0,0,0.0,0.0,0,14
2026-08-27T15:59:09.952+02:00,not_evaluable,0,0,0.0,0.0,0,8
2026-08-27T15:59:39.956+02:00,not_evaluable,0,0,0.0,0.0,0,12
2026-08-27T16:00:09.955+02:00,not_evaluable,0,0,0.0,0.0,0,14
2026-08-27T16:00:39.959+02:00,not_evaluable,0,0,0.0,0.0,0,13
2026-08-27T16:01:09.953+02:00,not_evaluable,0,0,0.0,0.0,0,6
2026-08-27T16:01:39.951+02:00,not_evaluable,0,0,0.0,0.0,0,7
2026-08-27T16:02:09.950+02:00,not_evaluable,0,0,0.0,0.0,0,14
2026-08-27T16:02:39.952+02:00,not_evaluable,0,0,0.0,0.0,0,13
2026-08-27T16:03:09.953+02:00,not_evaluable,0,0,0.0,0.0,0,14
2026-08-27T16:03:39.966+02:00,not_evaluable,0,0,0.0,0.0,0,7
2026-08-27T16:04:09.955+02:00,not_evaluable,0,0,0.0,0.0,0,8
2026-08-27T16:04:39.971+02:00,not_evaluable,0,0,0.0,0.0,0,12
2026-08-27T16:05:09.953+02:00,not_evaluable,0,0,0.0,0.0,0,14
2026-08-27T16:05:39.955+02:00,not_evaluable,0,0,0.0,0.0,0,11
2026-08-27T16:06:09.955+02:00,not_evaluable,0,0,0.0,0.0,0,13
2026-08-27T16:06:39.956+02:00,not_evaluable,0,0,0.0,0.0,0,6
2026-08-27T16:07:09.954+02:00,not_evaluable,0,0,0.0,0.0,0,11
2026-08-27T16:07:39.957+02:00,not_evaluable,0,0,0.0,0.0,0,13
2026-08-27T16:08:09.955+02:00,not_evaluable,0,0,0.0,0.0,0,13
2026-08-27T16:08:39.955+02:00,not_evaluable,0,0,0.0,0.0,0,14
2026-08-27T16:09:09.958+02:00,not_evaluable,0,0,0.0,0.0,0,14
2026-08-27T16:09:39.958+02:00,not_evaluable,0,0,0.0,0.0,0,12
2026-08-27T16:10:09.958+02:00,not_evaluable,0,0,0.0,0.0,0,13
2026-08-27T16:10:39.959+02:00,not_evaluable,0,0,0.0,0.0,0,12
2026-08-27T16:11:09.959+02:00,not_evaluable,0,0,0.0,0.0,0,13
2026-08-27T16:11:39.958+02:00,not_evaluable,0,0,0.0,0.0,0,6
2026-08-27T16:12:09.959+02:00,not_evaluable,0,0,0.0,0.0,0,14
2026-08-27T16:12:39.960+02:00,not_evaluable,0,0,0.0,0.0,0,14
2026-08-27T16:13:09.959+02:00,not_evaluable,0,0,0.0,0.0,0,14
2026-08-27T16:13:39.961+02:00,not_evaluable,0,0,0.0,0.0,0,7
2026-08-27T16:14:09.962+02:00,not_evaluable,0,0,0.0,0.0,0,13
2026-08-27T16:14:39.960+02:00,not_evaluable,0,0,0.0,0.0,0,14
2026-08-27T16:15:09.964+02:00,not_evaluable,0,0,0.0,0.0,0,12
2026-08-27T16:15:39.967+02:00,not_evaluable,0,0,0.0,0.0,0,5
2026-08-27T16:16:09.964+02:00,not_evaluable,0,0,0.0,0.0,0,11
2026-08-27T16:16:39.962+02:00,not_evaluable,0,0,0.0,0.0,0,13
2026-08-27T16:17:09.963+02:00,not_evaluable,0,0,0.0,0.0,0,14
2026-08-27T16:17:39.964+02:00,not_evaluable,0,0,0.0,0.0,0,14
2026-08-27T16:18:09.969+02:00,not_evaluable,0,0,0.0,0.0,0,14
2026-08-27T16:18:39.965+02:00,not_evaluable,0,0,0.0,0.0,0,14
2026-08-27T16:19:09.964+02:00,not_evaluable,0,0,0.0,0.0,0,12
2026-08-27T16:19:39.965+02:00,not_evaluable,0,0,0.0,0.0,0,11
2026-08-27T16:20:09.966+02:00,not_evaluable,0,0,0.0,0.0,0,6
2026-08-27T16:20:39.966+02:00,not_evaluable,0,0,0.0,0.0,0,5
2026-08-27T16:21:09.966+02:00,not_evaluable,0,0,0.0,0.0,0,5
2026-08-27T16:21:39.966+02:00,not_evaluable,0,0,0.0,0.0,0,11
2026-08-27T16:22:39.966+02:00,not_evaluable,0,0,0.0,0.0,0,11
2026-08-27T16:23:09.966+02:00,not_evaluable,0,0,0.0,0.0,0,10
2026-08-27T16:23:39.968+02:00,not_evaluable,0,0,0.0,0.0,0,14
2026-08-27T16:24:39.968+02:00,not_evaluable,0,0,0.0,0.0,0,7
2026-08-27T16:25:09.971+02:00,not_evaluable,0,0,0.0,0.0,0,14
2026-08-27T16:25:39.970+02:00,not_evaluable,0,0,0.0,0.0,0,14
2026-08-27T16:26:09.970+02:00,not_evaluable,0,0,0.0,0.0,0,14
2026-08-27T16:26:39.972+02:00,not_evaluable,0,0,0.0,0.0,0,14
2026-08-27T16:27:09.970+02:00,not_evaluable,0,0,0.0,0.0,0,15
2026-08-27T16:28:09.974+02:00,not_evaluable,0,0,0.0,0.0,0,14
2026-08-27T16:28:39.971+02:00,not_evaluable,0,0,0.0,0.0,0,9
2026-08-27T16:29:09.971+02:00,not_evaluable,0,0,0.0,0.0,0,13
2026-08-27T16:29:39.975+02:00,not_evaluable,0,0,0.0,0.0,0,14
2026-08-27T16:30:09.974+02:00,not_evaluable,0,0,0.0,0.0,0,14
2026-08-27T16:30:39.978+02:00,not_evaluable,0,0,0.0,0.0,0,14
2026-08-27T16:31:39.977+02:00,not_evaluable,0,0,0.0,0.0,0,11
2026-08-27T16:32:09.974+02:00,not_evaluable,0,0,0.0,0.0,0,14
2026-08-27T16:32:39.975+02:00,not_evaluable,0,0,0.0,0.0,0,14
2026-08-27T16:33:09.974+02:00,not_evaluable,0,0,0.0,0.0,0,14
2026-08-27T16:33:39.974+02:00,not_evaluable,0,0,0.0,0.0,0,13
2026-08-27T16:34:09.975+02:00,not_evaluable,0,0,0.0,0.0,0,11
2026-08-27T16:34:39.975+02:00,not_evaluable,0,0,0.0,0.0,0,14
2026-08-27T16:35:09.976+02:00,not_evaluable,0,0,0.0,0.0,0,14
2026-08-27T16:36:09.976+02:00,not_evaluable,0,0,0.0,0.0,0,14
2026-08-27T16:36:39.978+02:00,not_evaluable,0,0,0.0,0.0,0,13
2026-08-27T16:37:09.977+02:00,not_evaluable,0,0,0.0,0.0,0,13
2026-08-27T16:37:39.978+02:00,not_evaluable,0,0,0.0,0.0,0,11
2026-08-27T16:38:09.978+02:00,not_evaluable,0,0,0.0,0.0,0,14
2026-08-27T16:38:39.981+02:00,not_evaluable,0,0,0.0,0.0,0,12
2026-08-27T16:39:09.979+02:00,not_evaluable,0,0,0.0,0.0,0,14
2026-08-27T16:39:39.981+02:00,not_evaluable,0,0,0.0,0.0,0,12
2026-08-27T16:40:09.980+02:00,not_evaluable,0,0,0.0,0.0,0,11
2026-08-27T16:40:39.982+02:00,not_evaluable,0,0,0.0,0.0,0,12
2026-08-27T16:41:09.981+02:00,not_evaluable,0,0,0.0,0.0,0,14
2026-08-27T16:41:39.983+02:00,not_evaluable,0,0,0.0,0.0,0,5
2026-08-27T16:42:09.981+02:00,not_evaluable,0,0,0.0,0.0,0,11
2026-08-27T16:42:39.983+02:00,not_evaluable,0,0,0.0,0.0,0,8
2026-08-27T16:43:09.982+02:00,not_evaluable,0,0,0.0,0.0,0,14
2026-08-27T16:43:39.982+02:00,not_evaluable,0,0,0.0,0.0,0,10
2026-08-27T16:44:09.984+02:00,not_evaluable,0,0,0.0,0.0,0,14
2026-08-27T16:44:39.986+02:00,not_evaluable,0,0,0.0,0.0,0,6
2026-08-27T16:45:09.986+02:00,not_evaluable,0,0,0.0,0.0,0,9
2026-08-27T16:45:39.991+02:00,not_evaluable,0,0,0.0,0.0,0,6
2026-08-27T16:46:10.007+02:00,not_evaluable,0,0,0.0,0.0,0,6
2026-08-27T16:46:39.991+02:00,not_evaluable,0,0,0.0,0.0,0,11
2026-08-27T16:47:09.992+02:00,not_evaluable,0,0,0.0,0.0,0,5
2026-08-27T16:47:39.987+02:00,not_evaluable,0,0,0.0,0.0,0,14
2026-08-27T16:48:10.031+02:00,not_evaluable,0,0,0.0,0.0,0,7
2026-08-27T16:48:39.989+02:00,not_evaluable,0,0,0.0,0.0,0,13
2026-08-27T16:49:09.988+02:00,not_evaluable,0,0,0.0,0.0,0,14
2026-08-27T16:49:39.988+02:00,not_evaluable,0,0,0.0,0.0,0,14
2026-08-27T16:50:09.997+02:00,not_evaluable,0,0,0.0,0.0,0,6
2026-08-27T16:50:39.989+02:00,not_evaluable,0,0,0.0,0.0,0,12
2026-08-27T16:51:09.989+02:00,not_evaluable,0,0,0.0,0.0,0,4
2026-08-27T16:51:39.989+02:00,not_evaluable,0,0,0.0,0.0,0,14
2026-08-27T16:52:09.998+02:00,not_evaluable,0,0,0.0,0.0,0,7
2026-08-27T16:52:39.991+02:00,not_evaluable,0,0,0.0,0.0,0,14
2026-08-27T16:53:09.990+02:00,not_evaluable,0,0,0.0,0.0,0,14
2026-08-27T16:53:40.003+02:00,not_evaluable,0,0,0.0,0.0,0,13
2026-08-27T16:54:09.990+02:00,nominal,0,0,-1.127,-39.57,1,1445
2026-08-27T16:54:39.991+02:00,nominal,0,0,-1.3026,-33.75,1,1250
2026-08-27T16:55:09.991+02:00,nominal,0,0,-1.3405,-31.36,1,1257
2026-08-27T16:55:39.994+02:00,not_evaluable,0,0,0.0,0.0,0,7
2026-08-27T16:56:09.993+02:00,nominal,0,0,-1.2242,-20.49,1,1281
2026-08-27T16:56:39.994+02:00,nominal,0,0,-1.0643,-22.89,1,1315
2026-08-27T16:57:09.994+02:00,nominal,0,0,-1.1017,-11.12,1,1208
2026-08-27T16:57:39.995+02:00,nominal,0,0,-1.0806,-27.8,1,1237
2026-08-27T16:58:09.996+02:00,nominal,0,0,-1.0025,-18.81,1,1284
2026-08-27T16:58:39.995+02:00,nominal,0,0,-1.0604,-16.4,1,1309
2026-08-27T16:59:09.995+02:00,nominal,0,0,-1.0104,-9.21,1,1252
2026-08-27T16:59:39.998+02:00,not_evaluable,0,0,0.0,0.0,0,7
2026-08-27T17:00:09.998+02:00,nominal,0,0,-1.0011,-29.41,1,1328
2026-08-27T17:00:39.999+02:00,nominal,0,0,-1.2293,-198.36,1,1256
2026-08-27T17:01:10.004+02:00,nominal,0,0,-1.0681,-24.03,1,1245
2026-08-27T17:01:39.999+02:00,nominal,0,0,-1.0269,-26.03,1,1236
2026-08-27T17:02:09.996+02:00,nominal,0,0,-0.9991,-31.77,1,1257
2026-08-27T17:02:40.000+02:00,not_evaluable,0,0,0.0,0.0,0,7
2026-08-27T17:03:09.998+02:00,nominal,0,0,-1.0445,-16.48,1,1364
2026-08-27T17:03:39.999+02:00,nominal,0,0,-0.9992,-45.78,1,1342
2026-08-27T17:04:09.998+02:00,nominal,0,0,-1.1029,-84.5,1,1338
2026-08-27T17:04:40.042+02:00,not_evaluable,0,0,0.0,0.0,0,5
2026-08-27T17:05:10.000+02:00,nominal,0,0,-1.1722,-47.55,1,1320
2026-08-27T17:05:40.042+02:00,nominal,0,0,-1.0187,-40.64,1,1347
2026-08-27T17:06:09.999+02:00,nominal,0,0,-1.1071,-96.07,1,1270
2026-08-27T17:06:40.042+02:00,nominal,0,0,-1.019,-36.08,1,1253
2026-08-27T17:07:10.001+02:00,anomaly,1,0,-1.4945,-309.49,1,1325
2026-08-27T17:07:40.041+02:00,nominal,0,0,-1.0371,-27.09,1,1331
2026-08-27T17:08:40.046+02:00,not_evaluable,0,0,0.0,0.0,0,7
2026-08-27T17:09:10.014+02:00,anomaly,1,0,-1.5636,-280.26,1,1329
2026-08-27T17:09:40.046+02:00,nominal,0,0,-0.9885,-37.01,1,1308
2026-08-27T17:10:10.004+02:00,nominal,0,0,-1.0244,-35.57,1,1329
2026-08-27T17:10:40.046+02:00,not_evaluable,0,0,0.0,0.0,0,7
2026-08-27T17:11:10.004+02:00,not_evaluable,0,0,0.0,0.0,0,7
2026-08-27T17:11:40.005+02:00,nominal,0,0,-1.0949,-133.4,1,1305
2026-08-27T17:12:10.009+02:00,nominal,0,0,-1.0008,-33.53,1,1327
2026-08-27T17:12:40.007+02:00,nominal,0,0,-1.009,-33.75,1,1263
2026-08-27T17:13:10.005+02:00,not_evaluable,0,0,0.0,0.0,0,7
2026-08-27T17:13:40.006+02:00,nominal,0,0,-0.9914,-38.08,1,1317
2026-08-27T17:14:10.026+02:00,nominal,0,0,-0.9813,-36.53,1,1241
2026-08-27T17:14:40.008+02:00,nominal,0,0,-0.9984,-41.89,1,1246
2026-08-27T17:15:10.013+02:00,not_evaluable,0,0,0.0,0.0,0,7
2026-08-27T17:15:40.011+02:00,not_evaluable,0,0,0.0,0.0,0,5
2026-08-27T17:16:10.007+02:00,nominal,0,0,-1.0129,-31.03,1,1358
2026-08-27T17:16:40.007+02:00,nominal,0,0,-0.9731,-34.36,1,1359
2026-08-27T17:17:10.014+02:00,not_evaluable,0,0,0.0,0.0,0,6
2026-08-27T17:17:40.009+02:00,nominal,0,0,-1.0228,-25.16,1,1333
2026-08-27T17:18:10.011+02:00,not_evaluable,0,0,0.0,0.0,0,6
2026-08-27T17:18:40.009+02:00,nominal,0,0,-1.0093,-37.07,1,1369
2026-08-27T17:19:10.011+02:00,nominal,0,0,-1.0187,-30.93,1,1321
2026-08-27T17:19:40.011+02:00,nominal,0,0,-1.0304,-47.33,1,1272
2026-08-27T17:20:10.011+02:00,nominal,0,0,-1.1396,-55.99,1,1284
2026-08-27T17:20:40.010+02:00,nominal,0,0,-0.9813,-32.96,1,1263
2026-08-27T17:21:10.011+02:00,nominal,0,0,-1.1652,-72.02,1,1249
2026-08-27T17:21:40.013+02:00,nominal,0,0,-1.1548,-40.02,1,1265
2026-08-27T17:22:10.012+02:00,nominal,0,0,-1.0307,-32.06,1,1254
2026-08-27T17:22:40.013+02:00,not_evaluable,0,0,0.0,0.0,0,7
2026-08-27T17:23:10.015+02:00,anomaly,1,0,-1.5509,-297.32,1,1297
2026-08-27T17:23:40.014+02:00,nominal,0,0,-1.0856,-47.17,1,1232
2026-08-27T17:24:10.013+02:00,nominal,0,0,-1.0556,-28.22,1,1363
2026-08-27T17:24:40.014+02:00,nominal,0,0,-1.1386,-83.99,1,1297
2026-08-27T17:25:10.017+02:00,nominal,0,0,-1.0367,-33.29,1,1230
2026-08-27T17:25:40.017+02:00,nominal,0,0,-1.1268,-40.82,1,1228
2026-08-27T17:26:10.015+02:00,not_evaluable,0,0,0.0,0.0,0,8
2026-08-27T17:27:10.019+02:00,not_evaluable,0,0,0.0,0.0,0,14
2026-08-27T17:27:40.018+02:00,not_evaluable,0,0,0.0,0.0,0,14
2026-08-27T17:28:10.019+02:00,not_evaluable,0,0,0.0,0.0,0,14
2026-08-27T17:28:40.017+02:00,not_evaluable,0,0,0.0,0.0,0,14
2026-08-27T17:29:10.018+02:00,not_evaluable,0,0,0.0,0.0,0,12
2026-08-27T17:29:40.018+02:00,not_evaluable,0,0,0.0,0.0,0,10
2026-08-27T17:30:10.018+02:00,not_evaluable,0,0,0.0,0.0,0,11
2026-08-27T17:31:10.026+02:00,not_evaluable,0,0,0.0,0.0,0,11
2026-08-27T17:31:40.030+02:00,not_evaluable,0,0,0.0,0.0,0,7
2026-08-27T17:32:10.019+02:00,not_evaluable,0,0,0.0,0.0,0,14
2026-08-27T17:32:40.020+02:00,not_evaluable,0,0,0.0,0.0,0,12
2026-08-27T17:33:10.021+02:00,not_evaluable,0,0,0.0,0.0,0,13
2026-08-27T17:33:40.026+02:00,not_evaluable,0,0,0.0,0.0,0,8
2026-08-27T17:34:10.022+02:00,not_evaluable,0,0,0.0,0.0,0,14
2026-08-27T17:34:40.026+02:00,not_evaluable,0,0,0.0,0.0,0,8
2026-08-27T17:35:10.022+02:00,not_evaluable,0,0,0.0,0.0,0,11
2026-08-27T17:35:40.024+02:00,not_evaluable,0,0,0.0,0.0,0,14
2026-08-27T17:36:10.024+02:00,not_evaluable,0,0,0.0,0.0,0,13
2026-08-27T17:36:40.024+02:00,not_evaluable,0,0,0.0,0.0,0,13
2026-08-27T17:37:10.023+02:00,not_evaluable,0,0,0.0,0.0,0,14
2026-08-27T17:37:40.025+02:00,not_evaluable,0,0,0.0,0.0,0,12
2026-08-27T17:38:10.027+02:00,not_evaluable,0,0,0.0,0.0,0,13
2026-08-27T17:38:40.026+02:00,not_evaluable,0,0,0.0,0.0,0,13
2026-08-27T17:39:10.027+02:00,not_evaluable,0,0,0.0,0.0,0,6
2026-08-27T17:39:40.027+02:00,not_evaluable,0,0,0.0,0.0,0,11
2026-08-27T17:40:10.027+02:00,not_evaluable,0,0,0.0,0.0,0,14
2026-08-27T17:40:40.027+02:00,not_evaluable,0,0,0.0,0.0,0,12
2026-08-27T17:41:10.030+02:00,not_evaluable,0,0,0.0,0.0,0,11
2026-08-27T17:41:40.029+02:00,not_evaluable,0,0,0.0,0.0,0,13
2026-08-27T17:42:10.028+02:00,not_evaluable,0,0,0.0,0.0,0,13
2026-08-27T17:42:40.029+02:00,not_evaluable,0,0,0.0,0.0,0,14
2026-08-27T17:43:10.029+02:00,not_evaluable,0,0,0.0,0.0,0,13
2026-08-27T17:43:40.028+02:00,not_evaluable,0,0,0.0,0.0,0,10
2026-08-27T17:44:10.030+02:00,not_evaluable,0,0,0.0,0.0,0,10
2026-08-27T17:44:40.031+02:00,not_evaluable,0,0,0.0,0.0,0,14
2026-08-27T17:45:10.037+02:00,not_evaluable,0,0,0.0,0.0,0,14
2026-08-27T17:45:40.033+02:00,not_evaluable,0,0,0.0,0.0,0,10
2026-08-27T17:46:10.038+02:00,not_evaluable,0,0,0.0,0.0,0,11
2026-08-27T17:46:40.033+02:00,not_evaluable,0,0,0.0,0.0,0,13
2026-08-27T17:47:10.037+02:00,not_evaluable,0,0,0.0,0.0,0,14
2026-08-27T17:47:40.032+02:00,not_evaluable,0,0,0.0,0.0,0,14
2026-08-27T17:48:10.032+02:00,not_evaluable,0,0,0.0,0.0,0,13
2026-08-27T17:48:40.034+02:00,not_evaluable,0,0,0.0,0.0,0,6
2026-08-27T17:49:10.032+02:00,not_evaluable,0,0,0.0,0.0,0,14
2026-08-27T17:49:40.033+02:00,not_evaluable,0,0,0.0,0.0,0,14
2026-08-27T17:50:10.034+02:00,not_evaluable,0,0,0.0,0.0,0,7
2026-08-27T17:50:40.034+02:00,not_evaluable,0,0,0.0,0.0,0,11
2026-08-27T17:51:10.034+02:00,not_evaluable,0,0,0.0,0.0,0,14
2026-08-27T17:51:40.036+02:00,not_evaluable,0,0,0.0,0.0,0,12
2026-08-27T17:52:10.035+02:00,not_evaluable,0,0,0.0,0.0,0,13
2026-08-27T17:52:40.035+02:00,not_evaluable,0,0,0.0,0.0,0,14
2026-08-27T17:53:10.037+02:00,not_evaluable,0,0,0.0,0.0,0,13
2026-08-27T17:53:40.036+02:00,not_evaluable,0,0,0.0,0.0,0,13
2026-08-27T17:54:40.037+02:00,not_evaluable,0,0,0.0,0.0,0,11
2026-08-27T17:55:10.040+02:00,not_evaluable,0,0,0.0,0.0,0,14
2026-08-27T17:55:40.042+02:00,not_evaluable,0,0,0.0,0.0,0,13
2026-08-27T17:56:10.041+02:00,not_evaluable,0,0,0.0,0.0,0,14
2026-08-27T17:56:40.043+02:00,not_evaluable,0,0,0.0,0.0,0,12
2026-08-27T17:57:10.042+02:00,not_evaluable,0,0,0.0,0.0,0,14
2026-08-27T17:57:40.040+02:00,not_evaluable,0,0,0.0,0.0,0,7
2026-08-27T17:58:10.041+02:00,not_evaluable,0,0,0.0,0.0,0,10
2026-08-27T17:58:40.042+02:00,not_evaluable,0,0,0.0,0.0,0,6
2026-08-27T17:59:10.040+02:00,not_evaluable,0,0,0.0,0.0,0,14
2026-08-27T17:59:40.042+02:00,not_evaluable,0,0,0.0,0.0,0,14
2026-08-27T18:00:10.048+02:00,not_evaluable,0,0,0.0,0.0,0,12
2026-08-27T18:00:40.044+02:00,not_evaluable,0,0,0.0,0.0,0,6
2026-08-27T18:01:10.047+02:00,not_evaluable,0,0,0.0,0.0,0,7
2026-08-27T18:01:40.045+02:00,not_evaluable,0,0,0.0,0.0,0,14
2026-08-27T18:02:10.044+02:00,not_evaluable,0,0,0.0,0.0,0,13
2026-08-27T18:02:40.043+02:00,not_evaluable,0,0,0.0,0.0,0,13
2026-08-27T18:03:10.044+02:00,not_evaluable,0,0,0.0,0.0,0,14
2026-08-27T18:03:40.044+02:00,not_evaluable,0,0,0.0,0.0,0,7
2026-08-27T18:04:10.044+02:00,not_evaluable,0,0,0.0,0.0,0,14
2026-08-27T18:04:40.046+02:00,not_evaluable,0,0,0.0,0.0,0,6
2026-08-27T18:05:10.046+02:00,nominal,0,0,-1.0824,-22.73,1,1410
2026-08-27T18:05:40.047+02:00,not_evaluable,0,0,0.0,0.0,0,7
2026-08-27T18:06:10.047+02:00,nominal,0,0,-1.0181,-20.3,1,1234
2026-08-27T18:06:40.046+02:00,nominal,0,0,-1.0571,-20.78,1,1343
2026-08-27T18:07:10.047+02:00,nominal,0,0,-1.0074,-17.07,1,1261
2026-08-27T18:08:10.047+02:00,not_evaluable,0,0,0.0,0.0,0,7
2026-08-27T18:08:40.048+02:00,not_evaluable,0,0,0.0,0.0,0,7
2026-08-27T18:09:10.048+02:00,nominal,0,0,-1.2332,-92.16,1,1352
2026-08-27T18:09:40.050+02:00,nominal,0,0,-1.0179,-35.6,1,1336
2026-08-27T18:10:10.051+02:00,nominal,0,0,-1.0125,-9.72,1,1260
2026-08-27T18:10:40.050+02:00,not_evaluable,0,0,0.0,0.0,0,6
2026-08-27T18:11:40.051+02:00,nominal,0,0,-0.9695,-13.13,1,1353
2026-08-27T18:12:10.053+02:00,not_evaluable,0,0,0.0,0.0,0,7
2026-08-27T18:12:40.051+02:00,nominal,0,0,-0.9868,-15.14,1,1297
2026-08-27T18:13:10.052+02:00,nominal,0,0,-0.9656,-19.19,1,1330
2026-08-27T18:14:10.054+02:00,not_evaluable,0,0,0.0,0.0,0,7
2026-08-27T18:14:40.053+02:00,not_evaluable,0,0,0.0,0.0,0,4
2026-08-27T18:15:10.056+02:00,nominal,0,0,-0.9662,-16.32,1,1337
2026-08-27T18:15:40.055+02:00,nominal,0,0,-1.0777,-44.32,1,1281
2026-08-27T18:16:10.058+02:00,nominal,0,0,-0.9877,-15.62,1,1245
2026-08-27T18:16:40.062+02:00,not_evaluable,0,0,0.0,0.0,0,7
2026-08-27T18:17:40.055+02:00,nominal,0,0,-1.0351,-21.7,1,1428
2026-08-27T18:18:10.057+02:00,nominal,0,0,-1.0054,-16.65,1,1249
2026-08-27T18:18:40.056+02:00,nominal,0,0,-1.3353,-244.94,1,1368
2026-08-27T18:19:40.056+02:00,anomaly,1,0,-1.4532,-284.75,1,1357
2026-08-27T18:20:10.056+02:00,nominal,0,0,-0.9891,-21.16,1,1355
2026-08-27T18:20:40.057+02:00,nominal,0,0,-1.0428,-19.73,1,1271
2026-08-27T18:21:10.058+02:00,not_evaluable,0,0,0.0,0.0,0,7
2026-08-27T18:21:40.060+02:00,nominal,0,0,-0.9931,-41.23,1,1251
2026-08-27T18:22:10.058+02:00,anomaly,1,0,-1.6964,-287.96,1,1283
2026-08-27T18:22:40.058+02:00,nominal,0,0,-0.9971,-25.27,1,1254
2026-08-27T18:23:10.059+02:00,nominal,0,0,-1.3099,-38.43,1,1274
2026-08-27T18:23:40.059+02:00,not_evaluable,0,0,0.0,0.0,0,4
2026-08-27T18:24:10.060+02:00,nominal,0,0,-1.0528,-40.13,1,1369
2026-08-27T18:24:40.061+02:00,nominal,0,0,-1.1997,-23.31,1,1196
2026-08-27T18:25:10.062+02:00,anomaly,1,0,-2.0311,-769.83,1,1207
2026-08-27T18:25:40.061+02:00,nominal,0,0,-1.0776,-30.37,1,1272
2026-08-27T18:26:10.061+02:00,nominal,0,0,-1.117,-74.73,1,1284
2026-08-27T18:26:40.062+02:00,nominal,0,0,-1.0701,-35.55,1,1259
2026-08-27T18:27:10.062+02:00,not_evaluable,0,0,0.0,0.0,0,7
2026-08-27T18:27:40.064+02:00,nominal,0,0,-1.0393,-29.17,1,1336
2026-08-27T18:28:10.064+02:00,nominal,0,0,-1.1424,-28.93,1,1352
2026-08-27T18:28:40.064+02:00,anomaly,1,0,-2.3885,-1061.78,1,1226
2026-08-27T18:29:10.065+02:00,nominal,0,0,-1.373,-60.51,1,1251
2026-08-27T18:29:40.065+02:00,anomaly,1,0,-3.4152,-1241.31,1,1286
2026-08-27T18:30:10.068+02:00,anomaly,2,0,-1.733,-445.95,1,1321
2026-08-27T18:30:40.066+02:00,nominal,0,0,-1.2608,-122.34,1,1278
2026-08-27T18:31:10.068+02:00,anomaly,1,0,-1.7332,-255.11,1,1388
2026-08-27T18:31:40.074+02:00,anomaly,2,0,-1.5194,-394.41,1,1276
2026-08-27T18:32:10.068+02:00,nominal,0,0,-1.1951,-218.09,1,1351
2026-08-27T18:32:40.066+02:00,anomaly,1,0,-2.4013,-270.81,1,1360
2026-08-27T18:33:10.068+02:00,anomaly,2,0,-1.6468,-216.77,1,1266
2026-08-27T18:33:40.069+02:00,not_evaluable,2,0,0.0,0.0,0,7
2026-08-27T18:34:10.067+02:00,anomaly,3,1,-1.9656,-985.03,1,1383
2026-08-27T18:34:40.068+02:00,anomaly,4,0,-1.8488,-1289.08,1,1239
2026-08-27T18:35:10.068+02:00,anomaly,5,0,-1.4975,-51.7,1,1251
2026-08-27T18:35:40.069+02:00,not_evaluable,5,0,0.0,0.0,0,7
2026-08-27T18:36:10.070+02:00,anomaly,6,0,-1.992,-272.64,1,1357
2026-08-27T18:36:40.073+02:00,nominal,0,0,-1.225,-48.16,1,1242
2026-08-27T18:37:10.070+02:00,anomaly,1,0,-2.1055,-748.57,1,1271
2026-08-27T18:37:40.072+02:00,anomaly,2,0,-1.5203,-46.37,1,1247
2026-08-27T18:38:10.074+02:00,anomaly,3,1,-1.9659,-308.46,1,1335
2026-08-27T18:38:40.071+02:00,nominal,0,0,-1.1869,-50.1,1,1284
2026-08-27T18:39:10.073+02:00,anomaly,1,0,-1.5221,-51.12,1,1183
2026-08-27T18:39:40.072+02:00,nominal,0,0,-1.3026,-28.65,1,1216
2026-08-27T18:40:10.074+02:00,anomaly,1,0,-1.9429,-317.74,1,1244
2026-08-27T18:40:40.074+02:00,not_evaluable,1,0,0.0,0.0,0,14
2026-08-27T18:41:10.074+02:00,not_evaluable,1,0,0.0,0.0,0,11
2026-08-27T18:41:40.074+02:00,not_evaluable,1,0,0.0,0.0,0,14
2026-08-27T18:42:10.074+02:00,not_evaluable,1,0,0.0,0.0,0,14
2026-08-27T18:42:40.075+02:00,not_evaluable,1,0,0.0,0.0,0,14
2026-08-27T18:43:10.076+02:00,not_evaluable,1,0,0.0,0.0,0,7
2026-08-27T18:43:40.077+02:00,not_evaluable,1,0,0.0,0.0,0,7
2026-08-27T18:44:10.078+02:00,not_evaluable,1,0,0.0,0.0,0,11
2026-08-27T18:44:40.077+02:00,not_evaluable,1,0,0.0,0.0,0,11
2026-08-27T18:45:10.079+02:00,not_evaluable,1,0,0.0,0.0,0,13
2026-08-27T18:45:40.083+02:00,not_evaluable,1,0,0.0,0.0,0,12
2026-08-27T18:46:10.080+02:00,not_evaluable,1,0,0.0,0.0,0,12
2026-08-27T18:46:40.085+02:00,not_evaluable,1,0,0.0,0.0,0,11
2026-08-27T18:47:10.080+02:00,not_evaluable,1,0,0.0,0.0,0,14
2026-08-27T18:47:40.078+02:00,not_evaluable,1,0,0.0,0.0,0,14
2026-08-27T18:48:10.080+02:00,not_evaluable,1,0,0.0,0.0,0,13
2026-08-27T18:48:40.080+02:00,not_evaluable,1,0,0.0,0.0,0,13
2026-08-27T18:49:10.080+02:00,not_evaluable,1,0,0.0,0.0,0,12
2026-08-27T18:49:40.082+02:00,not_evaluable,1,0,0.0,0.0,0,14
2026-08-27T18:50:10.081+02:00,not_evaluable,1,0,0.0,0.0,0,14
2026-08-27T18:50:40.081+02:00,not_evaluable,1,0,0.0,0.0,0,13
2026-08-27T18:51:10.083+02:00,not_evaluable,1,0,0.0,0.0,0,14
2026-08-27T18:51:40.082+02:00,not_evaluable,1,0,0.0,0.0,0,9
2026-08-27T18:52:10.083+02:00,not_evaluable,1,0,0.0,0.0,0,14
2026-08-27T18:52:40.082+02:00,not_evaluable,1,0,0.0,0.0,0,7
2026-08-27T18:53:10.082+02:00,not_evaluable,1,0,0.0,0.0,0,7
2026-08-27T18:53:40.083+02:00,not_evaluable,1,0,0.0,0.0,0,14
2026-08-27T18:54:10.084+02:00,not_evaluable,1,0,0.0,0.0,0,9
2026-08-27T18:54:40.087+02:00,not_evaluable,1,0,0.0,0.0,0,11
2026-08-27T18:55:10.086+02:00,not_evaluable,1,0,0.0,0.0,0,11
2026-08-27T18:55:40.085+02:00,not_evaluable,1,0,0.0,0.0,0,14
2026-08-27T18:56:10.085+02:00,not_evaluable,1,0,0.0,0.0,0,11
2026-08-27T18:56:40.086+02:00,not_evaluable,1,0,0.0,0.0,0,14
2026-08-27T18:57:10.086+02:00,not_evaluable,1,0,0.0,0.0,0,13
2026-08-27T18:57:40.087+02:00,not_evaluable,1,0,0.0,0.0,0,12
2026-08-27T18:58:40.095+02:00,not_evaluable,1,0,0.0,0.0,0,7
2026-08-27T18:59:10.088+02:00,not_evaluable,1,0,0.0,0.0,0,12
2026-08-27T18:59:40.091+02:00,not_evaluable,1,0,0.0,0.0,0,12
2026-08-27T19:00:10.093+02:00,not_evaluable,1,0,0.0,0.0,0,6
2026-08-27T19:00:40.092+02:00,not_evaluable,1,0,0.0,0.0,0,7
2026-08-27T19:01:10.093+02:00,not_evaluable,1,0,0.0,0.0,0,9
2026-08-27T19:01:40.093+02:00,not_evaluable,1,0,0.0,0.0,0,14
2026-08-27T19:02:10.090+02:00,not_evaluable,1,0,0.0,0.0,0,7
2026-08-27T19:02:40.094+02:00,not_evaluable,1,0,0.0,0.0,0,14
2026-08-27T19:03:10.091+02:00,not_evaluable,1,0,0.0,0.0,0,11
2026-08-27T19:03:40.091+02:00,not_evaluable,1,0,0.0,0.0,0,12
2026-08-27T19:04:10.093+02:00,not_evaluable,1,0,0.0,0.0,0,14
2026-08-27T19:04:40.093+02:00,not_evaluable,1,0,0.0,0.0,0,13
2026-08-27T19:05:10.092+02:00,not_evaluable,1,0,0.0,0.0,0,14
2026-08-27T19:05:40.096+02:00,not_evaluable,1,0,0.0,0.0,0,7
2026-08-27T19:06:10.094+02:00,not_evaluable,1,0,0.0,0.0,0,7
2026-08-27T19:07:10.094+02:00,not_evaluable,1,0,0.0,0.0,0,7
2026-08-27T19:07:40.102+02:00,not_evaluable,1,0,0.0,0.0,0,4
2026-08-27T19:08:10.095+02:00,not_evaluable,1,0,0.0,0.0,0,19
2026-08-27T19:08:40.098+02:00,not_evaluable,1,0,0.0,0.0,0,7
2026-08-27T19:09:10.138+02:00,not_evaluable,1,0,0.0,0.0,0,14
2026-08-27T19:09:40.095+02:00,not_evaluable,1,0,0.0,0.0,0,14
2026-08-27T19:10:10.138+02:00,not_evaluable,1,0,0.0,0.0,0,13
2026-08-27T19:10:40.098+02:00,not_evaluable,1,0,0.0,0.0,0,14
2026-08-27T19:11:10.098+02:00,not_evaluable,1,0,0.0,0.0,0,13
2026-08-27T19:11:40.097+02:00,not_evaluable,1,0,0.0,0.0,0,12
2026-08-27T19:12:10.145+02:00,not_evaluable,1,0,0.0,0.0,0,6
2026-08-27T19:12:40.143+02:00,not_evaluable,1,0,0.0,0.0,0,14
2026-08-27T19:13:10.144+02:00,not_evaluable,1,0,0.0,0.0,0,14
2026-08-27T19:13:40.344+02:00,not_evaluable,1,0,0.0,0.0,0,14
2026-08-27T19:14:40.102+02:00,not_evaluable,1,0,0.0,0.0,0,18
2026-08-27T19:15:10.148+02:00,not_evaluable,1,0,0.0,0.0,0,14
2026-08-27T19:15:40.148+02:00,not_evaluable,1,0,0.0,0.0,0,12
2026-08-27T19:16:10.148+02:00,not_evaluable,1,0,0.0,0.0,0,14
2026-08-27T19:16:40.147+02:00,not_evaluable,1,0,0.0,0.0,0,14
2026-08-27T19:17:10.158+02:00,not_evaluable,1,0,0.0,0.0,0,6
2026-08-27T19:17:40.147+02:00,not_evaluable,1,0,0.0,0.0,0,14
2026-08-27T19:18:10.148+02:00,not_evaluable,1,0,0.0,0.0,0,14
2026-08-27T19:18:40.149+02:00,not_evaluable,1,0,0.0,0.0,0,14
2026-08-27T19:19:10.283+02:00,not_evaluable,1,0,0.0,0.0,0,14
2026-08-27T19:19:40.147+02:00,not_evaluable,1,0,0.0,0.0,0,14
2026-08-27T19:20:10.290+02:00,not_evaluable,1,0,0.0,0.0,0,14
2026-08-27T19:20:40.152+02:00,not_evaluable,1,0,0.0,0.0,0,14
2026-08-27T19:22:10.106+02:00,not_evaluable,1,0,0.0,0.0,0,14
2026-08-27T19:22:40.156+02:00,not_evaluable,1,0,0.0,0.0,0,4
2026-08-27T19:23:10.315+02:00,not_evaluable,1,0,0.0,0.0,0,6
2026-08-27T19:23:40.214+02:00,not_evaluable,1,0,0.0,0.0,0,7
2026-08-27T19:24:10.323+02:00,not_evaluable,1,0,0.0,0.0,0,13
2026-08-27T19:24:40.223+02:00,not_evaluable,1,0,0.0,0.0,0,12
2026-08-27T19:25:10.152+02:00,not_evaluable,1,0,0.0,0.0,0,14
2026-08-27T19:25:40.153+02:00,not_evaluable,1,0,0.0,0.0,0,11
2026-08-27T19:26:10.157+02:00,not_evaluable,1,0,0.0,0.0,0,6
2026-08-27T19:27:10.109+02:00,not_evaluable,1,0,0.0,0.0,0,5
2026-08-27T19:28:10.116+02:00,not_evaluable,1,0,0.0,0.0,0,7
2026-08-27T19:28:40.156+02:00,not_evaluable,1,0,0.0,0.0,0,4
2026-08-27T19:29:10.156+02:00,not_evaluable,1,0,0.0,0.0,0,11
2026-08-27T19:29:40.156+02:00,not_evaluable,1,0,0.0,0.0,0,9
2026-08-27T19:30:40.161+02:00,not_evaluable,1,0,0.0,0.0,0,11
2026-08-27T19:31:10.161+02:00,not_evaluable,1,0,0.0,0.0,0,12
2026-08-27T19:31:40.159+02:00,not_evaluable,1,0,0.0,0.0,0,13
2026-08-27T19:32:10.178+02:00,not_evaluable,1,0,0.0,0.0,0,9
2026-08-27T19:33:10.160+02:00,not_evaluable,1,0,0.0,0.0,0,14
2026-08-27T19:34:10.116+02:00,not_evaluable,1,0,0.0,0.0,0,13
2026-08-27T19:35:10.165+02:00,not_evaluable,1,0,0.0,0.0,0,7
2026-08-27T19:35:40.159+02:00,nominal,0,0,-1.1814,-26.56,1,1427
2026-08-27T19:36:10.179+02:00,not_evaluable,0,0,0.0,0.0,0,7
2026-08-27T19:36:40.162+02:00,nominal,0,0,-1.0513,-20.73,1,1337
2026-08-27T19:37:10.167+02:00,not_evaluable,0,0,0.0,0.0,0,7
2026-08-27T19:37:40.171+02:00,not_evaluable,0,0,0.0,0.0,0,7
2026-08-27T19:38:10.167+02:00,nominal,0,0,-1.059,-19.57,1,1264
2026-08-27T19:38:40.164+02:00,nominal,0,0,-1.062,-13.0,1,1330
2026-08-27T19:40:10.241+02:00,nominal,0,0,-1.0566,-18.32,1,1325
2026-08-27T19:40:40.169+02:00,nominal,0,0,-1.0746,-7.37,1,1260
2026-08-27T19:41:10.121+02:00,anomaly,1,0,-1.5183,-205.87,1,1269
2026-08-27T19:41:40.121+02:00,nominal,0,0,-1.1728,-15.11,1,1257
2026-08-27T19:42:10.123+02:00,nominal,0,0,-1.0823,-12.04,1,1228
2026-08-27T19:42:40.121+02:00,anomaly,1,0,-1.787,-407.88,1,1355
2026-08-27T19:43:10.124+02:00,nominal,0,0,-1.1727,-10.53,1,1239
2026-08-27T19:43:40.123+02:00,nominal,0,0,-1.1609,-12.89,1,1274
2026-08-27T19:44:10.125+02:00,nominal,0,0,-1.0785,-13.41,1,1349
2026-08-27T19:44:40.123+02:00,not_evaluable,0,0,0.0,0.0,0,7
2026-08-27T19:45:10.129+02:00,nominal,0,0,-1.0308,-12.17,1,1343
2026-08-27T19:45:40.140+02:00,not_evaluable,0,0,0.0,0.0,0,7
2026-08-27T19:46:10.126+02:00,nominal,0,0,-1.1324,-17.15,1,1308
2026-08-27T19:46:40.129+02:00,nominal,0,0,-1.0064,-10.22,1,1231
2026-08-27T19:47:10.131+02:00,nominal,0,0,-1.1594,-15.94,1,1228
2026-08-27T19:48:10.130+02:00,not_evaluable,0,0,0.0,0.0,0,6
2026-08-27T19:48:40.127+02:00,nominal,0,0,-1.1019,-10.97,1,1334
2026-08-27T19:49:10.126+02:00,not_evaluable,0,0,0.0,0.0,0,6
2026-08-27T19:49:40.127+02:00,anomaly,1,0,-1.6867,-848.54,1,1248
2026-08-27T19:50:10.128+02:00,nominal,0,0,-1.0558,-10.74,1,1253
2026-08-27T19:50:40.129+02:00,not_evaluable,0,0,0.0,0.0,0,7
2026-08-27T19:51:10.128+02:00,anomaly,1,0,-1.5419,-1041.17,1,1345
2026-08-27T19:51:40.129+02:00,not_evaluable,1,0,0.0,0.0,0,4
2026-08-27T19:52:10.131+02:00,nominal,0,0,-1.3367,-11.08,1,1212
2026-08-27T19:52:40.130+02:00,nominal,0,0,-1.2621,-16.85,1,1260
2026-08-27T19:53:10.129+02:00,nominal,0,0,-1.3256,-26.19,1,1254
2026-08-27T19:53:40.138+02:00,not_evaluable,0,0,0.0,0.0,0,7
2026-08-27T19:54:10.130+02:00,nominal,0,0,-1.1861,-54.58,1,1362
2026-08-27T19:54:40.132+02:00,nominal,0,0,-1.2063,-67.19,1,1243
2026-08-27T19:55:10.132+02:00,not_evaluable,0,0,0.0,0.0,0,7
2026-08-27T19:55:40.131+02:00,not_evaluable,0,0,0.0,0.0,0,7
2026-08-27T19:56:10.133+02:00,anomaly,1,0,-1.6604,-161.89,1,1348
2026-08-27T19:56:40.133+02:00,anomaly,2,0,-1.4758,-95.05,1,1237
2026-08-27T19:57:10.134+02:00,not_evaluable,2,0,0.0,0.0,0,7
2026-08-27T19:57:40.134+02:00,nominal,0,0,-1.3102,-87.28,1,1273
2026-08-27T19:58:10.133+02:00,anomaly,1,0,-2.2086,-1338.71,1,1273
2026-08-27T19:58:40.135+02:00,nominal,0,0,-1.3858,-24.62,1,1254
2026-08-27T19:59:10.134+02:00,anomaly,1,0,-1.6518,-58.0,1,1318
2026-08-27T19:59:40.134+02:00,nominal,0,0,-1.4014,-172.31,1,1222
2026-08-27T20:00:10.136+02:00,anomaly,1,0,-1.5636,-235.15,1,1218
2026-08-27T20:00:40.136+02:00,anomaly,2,0,-1.8095,-269.14,1,1250
2026-08-27T20:01:10.140+02:00,nominal,0,0,-1.3606,-119.5,1,1321
2026-08-27T20:01:40.139+02:00,anomaly,1,0,-1.8504,-369.23,1,1234
2026-08-27T20:02:10.145+02:00,anomaly,2,0,-2.1914,-408.81,1,1237
2026-08-27T20:02:40.138+02:00,not_evaluable,2,0,0.0,0.0,0,7
2026-08-27T20:03:10.140+02:00,nominal,0,0,-1.3823,-34.97,1,1295
2026-08-27T20:03:40.137+02:00,anomaly,1,0,-1.5391,-178.47,1,1353
2026-08-27T20:04:10.137+02:00,not_evaluable,1,0,0.0,0.0,0,6
2026-08-27T20:04:40.138+02:00,anomaly,2,0,-1.4813,-26.18,1,1296
2026-08-27T20:05:10.138+02:00,anomaly,3,1,-1.9964,-108.46,1,1317
2026-08-27T20:05:40.139+02:00,anomaly,4,0,-2.422,-1644.89,1,1256
2026-08-27T20:06:10.144+02:00,not_evaluable,4,0,0.0,0.0,0,6
2026-08-27T20:06:40.140+02:00,anomaly,5,0,-1.8918,-49.5,1,1181
2026-08-27T20:07:10.140+02:00,not_evaluable,5,0,0.0,0.0,0,12
2026-08-27T20:07:40.142+02:00,not_evaluable,5,0,0.0,0.0,0,14
2026-08-27T20:08:10.141+02:00,not_evaluable,5,0,0.0,0.0,0,14
2026-08-27T20:08:40.147+02:00,not_evaluable,5,0,0.0,0.0,0,7
2026-08-27T20:09:10.141+02:00,not_evaluable,5,0,0.0,0.0,0,13
2026-08-27T20:09:40.152+02:00,not_evaluable,5,0,0.0,0.0,0,7
2026-08-27T20:10:10.143+02:00,not_evaluable,5,0,0.0,0.0,0,12
2026-08-27T20:10:40.143+02:00,not_evaluable,5,0,0.0,0.0,0,11
2026-08-27T20:11:10.144+02:00,not_evaluable,5,0,0.0,0.0,0,14
2026-08-27T20:11:40.143+02:00,not_evaluable,5,0,0.0,0.0,0,14
2026-08-27T20:12:10.145+02:00,not_evaluable,5,0,0.0,0.0,0,14
2026-08-27T20:12:40.144+02:00,not_evaluable,5,0,0.0,0.0,0,14
2026-08-27T20:13:10.147+02:00,not_evaluable,5,0,0.0,0.0,0,14
2026-08-27T20:13:40.145+02:00,not_evaluable,5,0,0.0,0.0,0,14
2026-08-27T20:14:10.147+02:00,not_evaluable,5,0,0.0,0.0,0,14
2026-08-27T20:14:40.146+02:00,not_evaluable,5,0,0.0,0.0,0,14
2026-08-27T20:15:10.146+02:00,not_evaluable,5,0,0.0,0.0,0,11
2026-08-27T20:15:40.149+02:00,not_evaluable,5,0,0.0,0.0,0,14
2026-08-27T20:16:10.152+02:00,not_evaluable,5,0,0.0,0.0,0,13
2026-08-27T20:16:40.150+02:00,not_evaluable,5,0,0.0,0.0,0,14
2026-08-27T20:17:10.154+02:00,not_evaluable,5,0,0.0,0.0,0,13
2026-08-27T20:17:40.157+02:00,not_evaluable,5,0,0.0,0.0,0,11
2026-08-27T20:18:10.152+02:00,not_evaluable,5,0,0.0,0.0,0,11
2026-08-27T20:18:40.150+02:00,not_evaluable,5,0,0.0,0.0,0,14
2026-08-27T20:19:10.149+02:00,not_evaluable,5,0,0.0,0.0,0,14
2026-08-27T20:19:40.151+02:00,not_evaluable,5,0,0.0,0.0,0,14
2026-08-27T20:20:10.150+02:00,not_evaluable,5,0,0.0,0.0,0,12
2026-08-27T20:20:40.150+02:00,not_evaluable,5,0,0.0,0.0,0,14
2026-08-27T20:21:10.152+02:00,not_evaluable,5,0,0.0,0.0,0,7
2026-08-27T20:21:40.151+02:00,not_evaluable,5,0,0.0,0.0,0,14
2026-08-27T20:22:10.154+02:00,not_evaluable,5,0,0.0,0.0,0,14
2026-08-27T20:22:40.153+02:00,not_evaluable,5,0,0.0,0.0,0,14
2026-08-27T20:23:10.153+02:00,not_evaluable,5,0,0.0,0.0,0,13
2026-08-27T20:23:40.153+02:00,not_evaluable,5,0,0.0,0.0,0,10
2026-08-27T20:24:10.154+02:00,not_evaluable,5,0,0.0,0.0,0,11
2026-08-27T20:24:40.154+02:00,not_evaluable,5,0,0.0,0.0,0,13
2026-08-27T20:25:10.154+02:00,not_evaluable,5,0,0.0,0.0,0,14
2026-08-27T20:25:40.154+02:00,not_evaluable,5,0,0.0,0.0,0,14
2026-08-27T20:26:10.156+02:00,not_evaluable,5,0,0.0,0.0,0,14
2026-08-27T20:26:40.154+02:00,not_evaluable,5,0,0.0,0.0,0,14
2026-08-27T20:27:10.155+02:00,not_evaluable,5,0,0.0,0.0,0,14
2026-08-27T20:27:40.157+02:00,not_evaluable,5,0,0.0,0.0,0,13
2026-08-27T20:28:10.157+02:00,not_evaluable,5,0,0.0,0.0,0,14
2026-08-27T20:28:40.158+02:00,not_evaluable,5,0,0.0,0.0,0,14
2026-08-27T20:29:10.157+02:00,not_evaluable,5,0,0.0,0.0,0,10
2026-08-27T20:29:40.159+02:00,not_evaluable,5,0,0.0,0.0,0,12
2026-08-27T20:30:10.158+02:00,not_evaluable,5,0,0.0,0.0,0,13
2026-08-27T20:30:40.160+02:00,not_evaluable,5,0,0.0,0.0,0,7
2026-08-27T20:31:10.161+02:00,not_evaluable,5,0,0.0,0.0,0,13
2026-08-27T20:31:40.160+02:00,not_evaluable,5,0,0.0,0.0,0,14
2026-08-27T20:32:10.163+02:00,not_evaluable,5,0,0.0,0.0,0,13
2026-08-27T20:32:40.168+02:00,not_evaluable,5,0,0.0,0.0,0,14
2026-08-27T20:33:10.162+02:00,not_evaluable,5,0,0.0,0.0,0,13
2026-08-27T20:33:40.165+02:00,not_evaluable,5,0,0.0,0.0,0,14
2026-08-27T20:34:10.160+02:00,not_evaluable,5,0,0.0,0.0,0,14
2026-08-27T20:34:40.162+02:00,not_evaluable,5,0,0.0,0.0,0,14
2026-08-27T20:35:10.163+02:00,not_evaluable,5,0,0.0,0.0,0,15
2026-08-27T20:35:40.161+02:00,not_evaluable,5,0,0.0,0.0,0,14
2026-08-27T20:36:10.166+02:00,not_evaluable,5,0,0.0,0.0,0,14
2026-08-27T20:36:40.165+02:00,not_evaluable,5,0,0.0,0.0,0,12
2026-08-27T20:37:10.163+02:00,not_evaluable,5,0,0.0,0.0,0,11
2026-08-27T20:37:40.206+02:00,not_evaluable,5,0,0.0,0.0,0,12
2026-08-27T20:38:10.165+02:00,not_evaluable,5,0,0.0,0.0,0,12
2026-08-27T20:38:40.206+02:00,not_evaluable,5,0,0.0,0.0,0,14
2026-08-27T20:39:10.168+02:00,not_evaluable,5,0,0.0,0.0,0,13
2026-08-27T20:39:40.206+02:00,not_evaluable,5,0,0.0,0.0,0,14
2026-08-27T20:40:40.210+02:00,not_evaluable,5,0,0.0,0.0,0,13
2026-08-27T20:41:10.166+02:00,not_evaluable,5,0,0.0,0.0,0,13
2026-08-27T20:41:40.210+02:00,not_evaluable,5,0,0.0,0.0,0,12
2026-08-27T20:42:10.167+02:00,not_evaluable,5,0,0.0,0.0,0,10
2026-08-27T20:42:40.210+02:00,not_evaluable,5,0,0.0,0.0,0,14
2026-08-27T20:43:10.169+02:00,not_evaluable,5,0,0.0,0.0,0,13
2026-08-27T20:43:40.210+02:00,not_evaluable,5,0,0.0,0.0,0,11
2026-08-27T20:44:10.169+02:00,not_evaluable,5,0,0.0,0.0,0,11
2026-08-27T20:44:40.214+02:00,not_evaluable,5,0,0.0,0.0,0,14
2026-08-27T20:45:10.169+02:00,not_evaluable,5,0,0.0,0.0,0,14
2026-08-27T20:45:40.172+02:00,not_evaluable,5,0,0.0,0.0,0,13
2026-08-27T20:46:10.173+02:00,not_evaluable,5,0,0.0,0.0,0,12
2026-08-27T20:46:40.173+02:00,not_evaluable,5,0,0.0,0.0,0,14
2026-08-27T20:47:10.175+02:00,not_evaluable,5,0,0.0,0.0,0,11
2026-08-27T20:47:40.218+02:00,not_evaluable,5,0,0.0,0.0,0,12
2026-08-27T20:48:10.174+02:00,not_evaluable,5,0,0.0,0.0,0,11
2026-08-27T20:48:40.173+02:00,not_evaluable,5,0,0.0,0.0,0,14
2026-08-27T20:49:10.181+02:00,not_evaluable,5,0,0.0,0.0,0,13
2026-08-27T20:49:40.173+02:00,not_evaluable,5,0,0.0,0.0,0,14
2026-08-27T20:50:10.175+02:00,not_evaluable,5,0,0.0,0.0,0,13
2026-08-27T20:50:40.176+02:00,not_evaluable,5,0,0.0,0.0,0,14
2026-08-27T20:51:10.176+02:00,not_evaluable,5,0,0.0,0.0,0,14
2026-08-27T20:51:40.175+02:00,not_evaluable,5,0,0.0,0.0,0,9
2026-08-27T20:52:10.176+02:00,not_evaluable,5,0,0.0,0.0,0,10
2026-08-27T20:52:40.177+02:00,not_evaluable,5,0,0.0,0.0,0,13
2026-08-27T20:53:10.177+02:00,not_evaluable,5,0,0.0,0.0,0,14
2026-08-27T20:53:40.176+02:00,not_evaluable,5,0,0.0,0.0,0,13
2026-08-27T20:54:10.176+02:00,not_evaluable,5,0,0.0,0.0,0,14
2026-08-27T20:54:40.178+02:00,not_evaluable,5,0,0.0,0.0,0,13
2026-08-27T20:55:10.177+02:00,not_evaluable,5,0,0.0,0.0,0,10
2026-08-27T20:55:40.179+02:00,not_evaluable,5,0,0.0,0.0,0,14
2026-08-27T20:56:10.179+02:00,not_evaluable,5,0,0.0,0.0,0,14
2026-08-27T20:56:40.179+02:00,not_evaluable,5,0,0.0,0.0,0,11
2026-08-27T20:57:10.179+02:00,not_evaluable,5,0,0.0,0.0,0,14
2026-08-27T20:57:40.179+02:00,not_evaluable,5,0,0.0,0.0,0,12
2026-08-27T20:58:10.184+02:00,not_evaluable,5,0,0.0,0.0,0,12
2026-08-27T20:58:40.181+02:00,not_evaluable,5,0,0.0,0.0,0,14
2026-08-27T20:59:10.180+02:00,not_evaluable,5,0,0.0,0.0,0,14
2026-08-27T20:59:40.182+02:00,not_evaluable,5,0,0.0,0.0,0,14
2026-08-27T21:00:10.180+02:00,not_evaluable,5,0,0.0,0.0,0,6
2026-08-27T21:00:40.182+02:00,not_evaluable,5,0,0.0,0.0,0,11
2026-08-27T21:01:10.183+02:00,not_evaluable,5,0,0.0,0.0,0,14
2026-08-27T21:01:40.187+02:00,nominal,0,0,-1.2449,-48.37,1,1405
2026-08-27T21:02:10.184+02:00,nominal,0,0,-1.1954,-18.4,1,1230
2026-08-27T21:02:40.187+02:00,nominal,0,0,-1.0359,-15.29,1,1335
2026-08-27T21:03:10.185+02:00,not_evaluable,0,0,0.0,0.0,0,7
2026-08-27T21:03:40.188+02:00,nominal,0,0,-1.1241,-19.46,1,1281
2026-08-27T21:04:10.186+02:00,nominal,0,0,-1.0687,-17.34,1,1253
2026-08-27T21:04:40.185+02:00,nominal,0,0,-1.1108,-22.5,1,1226
2026-08-27T21:05:10.186+02:00,nominal,0,0,-1.2404,-211.84,1,1164
2026-08-27T21:05:40.187+02:00,nominal,0,0,-1.1629,-20.73,1,1357
2026-08-27T21:06:10.185+02:00,nominal,0,0,-1.0654,-18.53,1,1264
2026-08-27T21:06:40.186+02:00,nominal,0,0,-1.1144,-37.93,1,1272
2026-08-27T21:07:10.187+02:00,nominal,0,0,-1.1013,-29.8,1,1222
2026-08-27T21:07:40.188+02:00,nominal,0,0,-1.147,-17.23,1,1238
2026-08-27T21:08:10.187+02:00,nominal,0,0,-1.0852,-56.73,1,1254
2026-08-27T21:08:40.187+02:00,nominal,0,0,-1.0986,-14.18,1,1254
2026-08-27T21:09:10.189+02:00,nominal,0,0,-1.0455,-16.19,1,1265
2026-08-27T21:09:40.189+02:00,nominal,0,0,-1.103,-22.86,1,1228
2026-08-27T21:10:10.189+02:00,nominal,0,0,-1.0718,-15.26,1,1251
2026-08-27T21:10:40.190+02:00,nominal,0,0,-1.151,-13.19,1,1231
2026-08-27T21:11:10.190+02:00,nominal,0,0,-1.0587,-14.14,1,1229
2026-08-27T21:11:40.190+02:00,nominal,0,0,-1.099,-31.02,1,1293
2026-08-27T21:12:10.191+02:00,nominal,0,0,-1.0449,-22.34,1,1223
2026-08-27T21:12:40.190+02:00,nominal,0,0,-1.0546,-21.96,1,1263
2026-08-27T21:13:10.191+02:00,nominal,0,0,-1.1028,-23.89,1,1228
2026-08-27T21:13:40.192+02:00,nominal,0,0,-1.0694,-10.69,1,1243
2026-08-27T21:14:10.192+02:00,nominal,0,0,-1.2306,-18.76,1,1273
2026-08-27T21:14:40.195+02:00,nominal,0,0,-1.0852,-12.11,1,1228
2026-08-27T21:15:10.194+02:00,nominal,0,0,-1.3277,-44.38,1,1321
2026-08-27T21:15:40.193+02:00,nominal,0,0,-1.2572,-41.71,1,1286
2026-08-27T21:16:10.195+02:00,nominal,0,0,-1.1181,-14.5,1,1238
2026-08-27T21:16:40.198+02:00,nominal,0,0,-1.0444,-9.81,1,1237
2026-08-27T21:17:10.195+02:00,nominal,0,0,-1.332,-19.28,1,1252
2026-08-27T21:17:40.199+02:00,not_evaluable,0,0,0.0,0.0,0,6
2026-08-27T21:18:10.203+02:00,nominal,0,0,-1.1739,-12.4,1,1339
2026-08-27T21:18:40.199+02:00,nominal,0,0,-1.0942,-7.04,1,1278
2026-08-27T21:19:10.197+02:00,nominal,0,0,-1.1701,-13.05,1,1231
2026-08-27T21:19:40.199+02:00,nominal,0,0,-1.2188,-17.72,1,1169
2026-08-27T21:20:10.197+02:00,nominal,0,0,-1.1262,-10.56,1,1313
2026-08-27T21:20:40.196+02:00,nominal,0,0,-1.2413,-10.62,1,1366
2026-08-27T21:21:10.207+02:00,nominal,0,0,-1.3209,-13.99,1,1237
2026-08-27T21:21:40.197+02:00,nominal,0,0,-1.2777,-12.35,1,1273
2026-08-27T21:22:10.199+02:00,nominal,0,0,-1.2571,-13.36,1,1232
2026-08-27T21:22:40.199+02:00,nominal,0,0,-1.2055,-17.82,1,1249
2026-08-27T21:23:10.200+02:00,anomaly,1,0,-1.6143,-18.66,1,1226
2026-08-27T21:23:40.201+02:00,nominal,0,0,-1.3094,-19.34,1,1229
2026-08-27T21:24:10.201+02:00,anomaly,1,0,-1.4938,-33.54,1,1337
2026-08-27T21:24:40.200+02:00,nominal,0,0,-1.1687,-26.33,1,1365
2026-08-27T21:25:10.202+02:00,anomaly,1,0,-1.5156,-49.11,1,1236
2026-08-27T21:25:40.202+02:00,nominal,0,0,-1.3626,-138.57,1,1242
2026-08-27T21:26:10.201+02:00,anomaly,1,0,-1.7278,-359.88,1,1279
2026-08-27T21:26:40.202+02:00,anomaly,2,0,-1.9205,-32.87,1,1361
2026-08-27T21:27:10.201+02:00,anomaly,3,1,-2.1192,-55.09,1,1246
2026-08-27T21:27:40.202+02:00,anomaly,4,0,-1.657,-37.56,1,1255
2026-08-27T21:28:10.204+02:00,anomaly,5,0,-1.542,-146.26,1,1258
2026-08-27T21:28:40.203+02:00,anomaly,6,0,-1.5409,-175.83,1,1274
2026-08-27T21:29:10.204+02:00,anomaly,7,0,-1.6211,-133.46,1,1253
2026-08-27T21:30:10.205+02:00,anomaly,8,0,-2.2238,-76.63,1,1338
2026-08-27T21:30:40.206+02:00,anomaly,9,0,-1.7808,-336.25,1,1217
2026-08-27T21:31:10.206+02:00,anomaly,10,0,-2.4717,-1533.67,1,1223
2026-08-27T21:31:40.208+02:00,anomaly,11,0,-2.0505,-51.99,1,1336
2026-08-27T21:32:10.207+02:00,nominal,0,0,-1.3828,-120.36,1,1222
2026-08-27T21:32:40.212+02:00,nominal,0,0,-1.3697,-140.05,1,1350
2026-08-27T21:33:10.213+02:00,anomaly,1,0,-1.4476,-123.01,1,1229
2026-08-27T21:33:40.210+02:00,anomaly,2,0,-1.5859,-87.26,1,1253
2026-08-27T21:34:10.232+02:00,not_evaluable,2,0,0.0,0.0,0,14
2026-08-27T21:34:40.208+02:00,not_evaluable,2,0,0.0,0.0,0,8
2026-08-27T21:35:10.211+02:00,not_evaluable,2,0,0.0,0.0,0,12
2026-08-27T21:35:40.210+02:00,not_evaluable,2,0,0.0,0.0,0,14
2026-08-27T21:36:10.209+02:00,not_evaluable,2,0,0.0,0.0,0,14
2026-08-27T21:36:40.209+02:00,not_evaluable,2,0,0.0,0.0,0,14
2026-08-27T21:37:10.211+02:00,not_evaluable,2,0,0.0,0.0,0,14
2026-08-27T21:37:40.210+02:00,not_evaluable,2,0,0.0,0.0,0,13
2026-08-27T21:38:10.210+02:00,not_evaluable,2,0,0.0,0.0,0,14
2026-08-27T21:38:40.217+02:00,not_evaluable,2,0,0.0,0.0,0,13
2026-08-27T21:39:10.211+02:00,not_evaluable,2,0,0.0,0.0,0,13
2026-08-27T21:39:40.211+02:00,not_evaluable,2,0,0.0,0.0,0,14
2026-08-27T21:40:10.212+02:00,not_evaluable,2,0,0.0,0.0,0,14
2026-08-27T21:40:40.212+02:00,not_evaluable,2,0,0.0,0.0,0,11
2026-08-27T21:41:10.212+02:00,not_evaluable,2,0,0.0,0.0,0,12
2026-08-27T21:41:40.213+02:00,not_evaluable,2,0,0.0,0.0,0,14
2026-08-27T21:42:10.213+02:00,not_evaluable,2,0,0.0,0.0,0,12
2026-08-27T21:42:40.213+02:00,not_evaluable,2,0,0.0,0.0,0,14
2026-08-27T21:43:10.227+02:00,not_evaluable,2,0,0.0,0.0,0,14
2026-08-27T21:43:40.215+02:00,not_evaluable,2,0,0.0,0.0,0,13
2026-08-27T21:44:10.216+02:00,not_evaluable,2,0,0.0,0.0,0,14
2026-08-27T21:44:40.215+02:00,not_evaluable,2,0,0.0,0.0,0,14
2026-08-27T21:45:10.217+02:00,not_evaluable,2,0,0.0,0.0,0,14
2026-08-27T21:45:40.218+02:00,not_evaluable,2,0,0.0,0.0,0,12
2026-08-27T21:46:10.217+02:00,not_evaluable,2,0,0.0,0.0,0,14
2026-08-27T21:46:40.217+02:00,not_evaluable,2,0,0.0,0.0,0,13
2026-08-27T21:47:10.217+02:00,not_evaluable,2,0,0.0,0.0,0,13
2026-08-27T21:47:40.221+02:00,not_evaluable,2,0,0.0,0.0,0,14
2026-08-27T21:48:10.224+02:00,not_evaluable,2,0,0.0,0.0,0,12
2026-08-27T21:48:40.221+02:00,not_evaluable,2,0,0.0,0.0,0,14
2026-08-27T21:49:10.224+02:00,not_evaluable,2,0,0.0,0.0,0,8
2026-08-27T21:49:40.227+02:00,not_evaluable,2,0,0.0,0.0,0,8
2026-08-27T21:50:10.221+02:00,not_evaluable,2,0,0.0,0.0,0,11
2026-08-27T21:50:40.223+02:00,not_evaluable,2,0,0.0,0.0,0,14
2026-08-27T21:51:10.221+02:00,not_evaluable,2,0,0.0,0.0,0,13
2026-08-27T21:51:40.221+02:00,not_evaluable,2,0,0.0,0.0,0,13
2026-08-27T21:52:10.223+02:00,not_evaluable,2,0,0.0,0.0,0,13
2026-08-27T21:52:40.223+02:00,not_evaluable,2,0,0.0,0.0,0,14
2026-08-27T21:53:10.228+02:00,not_evaluable,2,0,0.0,0.0,0,7
2026-08-27T21:53:40.224+02:00,not_evaluable,2,0,0.0,0.0,0,10
2026-08-27T21:54:10.226+02:00,not_evaluable,2,0,0.0,0.0,0,15
2026-08-27T21:54:40.230+02:00,not_evaluable,2,0,0.0,0.0,0,14
2026-08-27T21:55:10.223+02:00,not_evaluable,2,0,0.0,0.0,0,13
2026-08-27T21:55:40.225+02:00,not_evaluable,2,0,0.0,0.0,0,13
2026-08-27T21:56:10.225+02:00,not_evaluable,2,0,0.0,0.0,0,14
2026-08-27T21:56:40.226+02:00,not_evaluable,2,0,0.0,0.0,0,13
2026-08-27T21:57:10.228+02:00,not_evaluable,2,0,0.0,0.0,0,11
2026-08-27T21:57:40.227+02:00,not_evaluable,2,0,0.0,0.0,0,13
2026-08-27T21:58:10.228+02:00,not_evaluable,2,0,0.0,0.0,0,12
2026-08-27T21:58:40.227+02:00,not_evaluable,2,0,0.0,0.0,0,14
2026-08-27T21:59:10.227+02:00,not_evaluable,2,0,0.0,0.0,0,14
2026-08-27T21:59:40.228+02:00,not_evaluable,2,0,0.0,0.0,0,14
2026-08-27T22:00:10.227+02:00,not_evaluable,2,0,0.0,0.0,0,14
2026-08-27T22:00:40.229+02:00,not_evaluable,2,0,0.0,0.0,0,14
2026-08-27T22:01:10.230+02:00,not_evaluable,2,0,0.0,0.0,0,14
2026-08-27T22:01:40.229+02:00,not_evaluable,2,0,0.0,0.0,0,12
2026-08-27T22:02:10.235+02:00,not_evaluable,2,0,0.0,0.0,0,12
2026-08-27T22:02:40.232+02:00,not_evaluable,2,0,0.0,0.0,0,12
2026-08-27T22:03:10.235+02:00,not_evaluable,2,0,0.0,0.0,0,14
2026-08-27T22:03:40.239+02:00,not_evaluable,2,0,0.0,0.0,0,7
2026-08-27T22:04:10.234+02:00,not_evaluable,2,0,0.0,0.0,0,14
2026-08-27T22:04:40.232+02:00,not_evaluable,2,0,0.0,0.0,0,14
2026-08-27T22:05:10.234+02:00,not_evaluable,2,0,0.0,0.0,0,12
2026-08-27T22:05:40.232+02:00,not_evaluable,2,0,0.0,0.0,0,12
2026-08-27T22:06:10.234+02:00,not_evaluable,2,0,0.0,0.0,0,11
2026-08-27T22:06:40.232+02:00,not_evaluable,2,0,0.0,0.0,0,4
2026-08-27T22:07:10.233+02:00,not_evaluable,2,0,0.0,0.0,0,14
2026-08-27T22:07:40.233+02:00,not_evaluable,2,0,0.0,0.0,0,13
2026-08-27T22:08:10.242+02:00,not_evaluable,2,0,0.0,0.0,0,7
2026-08-27T22:08:40.236+02:00,not_evaluable,2,0,0.0,0.0,0,14
2026-08-27T22:09:10.238+02:00,not_evaluable,2,0,0.0,0.0,0,14
2026-08-27T22:09:40.235+02:00,not_evaluable,2,0,0.0,0.0,0,13
2026-08-27T22:10:10.236+02:00,not_evaluable,2,0,0.0,0.0,0,14
2026-08-27T22:10:40.237+02:00,not_evaluable,2,0,0.0,0.0,0,11
2026-08-27T22:11:10.237+02:00,not_evaluable,2,0,0.0,0.0,0,11
2026-08-27T22:11:40.236+02:00,not_evaluable,2,0,0.0,0.0,0,11
2026-08-27T22:12:10.238+02:00,not_evaluable,2,0,0.0,0.0,0,12
2026-08-27T22:12:40.237+02:00,not_evaluable,2,0,0.0,0.0,0,14
2026-08-27T22:13:10.239+02:00,not_evaluable,2,0,0.0,0.0,0,14
2026-08-27T22:13:40.238+02:00,not_evaluable,2,0,0.0,0.0,0,13
2026-08-27T22:14:10.240+02:00,not_evaluable,2,0,0.0,0.0,0,14
2026-08-27T22:14:40.240+02:00,not_evaluable,2,0,0.0,0.0,0,14
2026-08-27T22:15:10.239+02:00,not_evaluable,2,0,0.0,0.0,0,14
2026-08-27T22:15:40.239+02:00,not_evaluable,2,0,0.0,0.0,0,14
2026-08-27T22:16:10.241+02:00,not_evaluable,2,0,0.0,0.0,0,14
2026-08-27T22:16:40.242+02:00,not_evaluable,2,0,0.0,0.0,0,13
2026-08-27T22:17:10.242+02:00,not_evaluable,2,0,0.0,0.0,0,13
2026-08-27T22:17:40.243+02:00,not_evaluable,2,0,0.0,0.0,0,14
2026-08-27T22:18:10.247+02:00,not_evaluable,2,0,0.0,0.0,0,8
2026-08-27T22:18:40.250+02:00,not_evaluable,2,0,0.0,0.0,0,14
2026-08-27T22:19:10.247+02:00,not_evaluable,2,0,0.0,0.0,0,9
2026-08-27T22:19:40.242+02:00,not_evaluable,2,0,0.0,0.0,0,12
2026-08-27T22:20:10.245+02:00,not_evaluable,2,0,0.0,0.0,0,14
2026-08-27T22:20:40.250+02:00,not_evaluable,2,0,0.0,0.0,0,14
2026-08-27T22:21:10.244+02:00,not_evaluable,2,0,0.0,0.0,0,14
2026-08-27T22:21:40.255+02:00,not_evaluable,2,0,0.0,0.0,0,13
2026-08-27T22:22:10.244+02:00,not_evaluable,2,0,0.0,0.0,0,12
2026-08-27T22:22:40.246+02:00,not_evaluable,2,0,0.0,0.0,0,14
2026-08-27T22:23:10.247+02:00,not_evaluable,2,0,0.0,0.0,0,11
2026-08-27T22:23:40.250+02:00,not_evaluable,2,0,0.0,0.0,0,12
2026-08-27T22:24:10.249+02:00,not_evaluable,2,0,0.0,0.0,0,13
2026-08-27T22:24:40.250+02:00,not_evaluable,2,0,0.0,0.0,0,14
2026-08-27T22:25:10.247+02:00,not_evaluable,2,0,0.0,0.0,0,10
2026-08-27T22:25:40.247+02:00,not_evaluable,2,0,0.0,0.0,0,11
2026-08-27T22:26:10.247+02:00,not_evaluable,2,0,0.0,0.0,0,11
2026-08-27T22:26:40.250+02:00,not_evaluable,2,0,0.0,0.0,0,11
2026-08-27T22:27:10.250+02:00,not_evaluable,2,0,0.0,0.0,0,11
2026-08-27T22:27:40.248+02:00,not_evaluable,2,0,0.0,0.0,0,14
2026-08-27T22:28:10.250+02:00,not_evaluable,2,0,0.0,0.0,0,14
2026-08-27T22:28:40.251+02:00,not_evaluable,2,0,0.0,0.0,0,12
2026-08-27T22:29:10.251+02:00,not_evaluable,2,0,0.0,0.0,0,9
2026-08-27T22:29:40.251+02:00,nominal,0,0,-1.074,-77.63,1,1385
2026-08-27T22:30:10.250+02:00,nominal,0,0,-1.0356,-12.37,1,1259
2026-08-27T22:30:40.252+02:00,nominal,0,0,-1.2449,-26.28,1,1250
2026-08-27T22:31:10.252+02:00,nominal,0,0,-1.0976,-33.86,1,1257
2026-08-27T22:31:40.253+02:00,nominal,0,0,-1.0408,-23.54,1,1261
2026-08-27T22:32:10.255+02:00,nominal,0,0,-1.0632,-31.71,1,1231
2026-08-27T22:32:40.260+02:00,nominal,0,0,-1.1152,-34.8,1,1268
2026-08-27T22:33:10.257+02:00,nominal,0,0,-1.0584,-26.44,1,1247
2026-08-27T22:33:40.261+02:00,anomaly,1,0,-1.846,-678.67,1,1238
2026-08-27T22:34:10.256+02:00,nominal,0,0,-1.0119,-29.86,1,1234
2026-08-27T22:34:40.258+02:00,nominal,0,0,-1.0497,-19.87,1,1263
2026-08-27T22:35:10.256+02:00,nominal,0,0,-1.0996,-22.06,1,1223
2026-08-27T22:35:40.258+02:00,nominal,0,0,-1.0618,-15.75,1,1226
2026-08-27T22:36:10.256+02:00,nominal,0,0,-1.1538,-16.61,1,1222
2026-08-27T22:36:40.256+02:00,anomaly,1,0,-1.9342,-806.76,1,1289
2026-08-27T22:37:10.259+02:00,nominal,0,0,-1.0467,-17.15,1,1232
2026-08-27T22:37:40.258+02:00,nominal,0,0,-1.204,-60.09,1,1240
2026-08-27T22:38:10.258+02:00,nominal,0,0,-1.0835,-19.53,1,1267
2026-08-27T22:38:40.260+02:00,nominal,0,0,-1.0757,-9.75,1,1238
2026-08-27T22:39:10.261+02:00,nominal,0,0,-1.1794,-12.51,1,1256
2026-08-27T22:39:40.259+02:00,nominal,0,0,-1.1635,-12.4,1,1241
2026-08-27T22:40:10.259+02:00,nominal,0,0,-1.0632,-9.05,1,1216
2026-08-27T22:40:40.260+02:00,nominal,0,0,-1.243,-7.4,1,1257
2026-08-27T22:41:10.259+02:00,nominal,0,0,-1.0622,-12.42,1,1268
2026-08-27T22:41:40.259+02:00,nominal,0,0,-1.0979,-7.88,1,1270
2026-08-27T22:42:10.260+02:00,nominal,0,0,-1.1251,-10.3,1,1253
2026-08-27T22:42:40.260+02:00,nominal,0,0,-1.1138,-50.01,1,1269
2026-08-27T22:43:10.261+02:00,nominal,0,0,-1.1728,-9.23,1,1253
2026-08-27T22:43:40.263+02:00,nominal,0,0,-1.3034,-8.33,1,1230
2026-08-27T22:44:10.262+02:00,nominal,0,0,-1.117,-5.52,1,1233
2026-08-27T22:44:40.261+02:00,nominal,0,0,-1.2244,-7.95,1,1274
2026-08-27T22:45:10.263+02:00,nominal,0,0,-1.1243,-36.33,1,1229
2026-08-27T22:45:40.264+02:00,nominal,0,0,-1.1582,-39.07,1,1217
2026-08-27T22:46:10.265+02:00,nominal,0,0,-1.0672,-5.6,1,1223
2026-08-27T22:46:40.263+02:00,nominal,0,0,-1.038,-5.28,1,1356
2026-08-27T22:47:10.268+02:00,nominal,0,0,-1.0729,-6.24,1,1155
2026-08-27T22:47:40.266+02:00,nominal,0,0,-1.1098,-4.67,1,1252
2026-08-27T22:48:10.270+02:00,nominal,0,0,-1.0582,-6.11,1,1264
2026-08-27T22:48:40.274+02:00,anomaly,1,0,-1.4646,-10.49,1,1229
2026-08-27T22:49:10.269+02:00,nominal,0,0,-1.2356,-9.96,1,1326
2026-08-27T22:49:40.271+02:00,nominal,0,0,-1.1079,-8.5,1,1318
2026-08-27T22:50:10.268+02:00,nominal,0,0,-1.3257,-8.55,1,1320
2026-08-27T22:50:40.268+02:00,nominal,0,0,-1.2504,-22.71,1,1235
2026-08-27T22:51:10.272+02:00,nominal,0,0,-1.2554,-18.65,1,1242
2026-08-27T22:52:10.270+02:00,nominal,0,0,-1.2706,-35.54,1,1337
2026-08-27T22:52:40.272+02:00,nominal,0,0,-1.3839,-24.82,1,1222
2026-08-27T22:53:10.268+02:00,nominal,0,0,-1.1534,-10.91,1,1275
2026-08-27T22:53:40.271+02:00,anomaly,1,0,-1.6454,-268.06,1,1236
2026-08-27T22:54:10.271+02:00,anomaly,2,0,-1.715,-276.83,1,1232
2026-08-27T22:54:40.269+02:00,anomaly,3,1,-1.4489,-13.36,1,1250
2026-08-27T22:55:10.269+02:00,nominal,0,0,-1.0248,-11.15,1,1304
2026-08-27T22:55:40.272+02:00,anomaly,1,0,-1.4796,-25.27,1,1224
2026-08-27T22:56:10.271+02:00,nominal,0,0,-1.075,-12.15,1,1256
2026-08-27T22:56:40.271+02:00,anomaly,1,0,-1.516,-23.57,1,1243
2026-08-27T22:57:10.273+02:00,nominal,0,0,-1.1074,-10.74,1,1232
2026-08-27T22:57:40.272+02:00,nominal,0,0,-1.3183,-17.59,1,1238
2026-08-27T22:58:10.275+02:00,anomaly,1,0,-1.5246,-49.99,1,1218
2026-08-27T22:58:40.272+02:00,anomaly,2,0,-1.6028,-38.97,1,1244
2026-08-27T22:59:10.275+02:00,nominal,0,0,-1.3602,-17.08,1,1239
2026-08-27T22:59:40.274+02:00,anomaly,1,0,-1.5676,-53.52,1,1324
2026-08-27T23:00:10.276+02:00,anomaly,2,0,-1.7481,-25.29,1,1296
2026-08-27T23:00:40.275+02:00,anomaly,3,1,-1.7274,-32.34,1,1326
2026-08-27T23:01:10.276+02:00,nominal,0,0,-1.202,-16.18,1,1353
2026-08-27T23:01:40.275+02:00,nominal,0,0,-1.2666,-22.55,1,1244
2026-08-27T23:02:10.277+02:00,not_evaluable,0,0,0.0,0.0,0,14
2026-08-27T23:02:40.280+02:00,not_evaluable,0,0,0.0,0.0,0,14
2026-08-27T23:03:10.278+02:00,not_evaluable,0,0,0.0,0.0,0,14
2026-08-27T23:03:40.282+02:00,not_evaluable,0,0,0.0,0.0,0,14
2026-08-27T23:04:10.286+02:00,not_evaluable,0,0,0.0,0.0,0,13
2026-08-27T23:04:40.281+02:00,not_evaluable,0,0,0.0,0.0,0,14
2026-08-27T23:05:10.277+02:00,not_evaluable,0,0,0.0,0.0,0,13
2026-08-27T23:05:40.281+02:00,not_evaluable,0,0,0.0,0.0,0,10
2026-08-27T23:06:10.280+02:00,not_evaluable,0,0,0.0,0.0,0,13
2026-08-27T23:06:40.282+02:00,not_evaluable,0,0,0.0,0.0,0,14
2026-08-27T23:07:10.281+02:00,not_evaluable,0,0,0.0,0.0,0,11
2026-08-27T23:07:40.281+02:00,not_evaluable,0,0,0.0,0.0,0,14
2026-08-27T23:08:10.281+02:00,not_evaluable,0,0,0.0,0.0,0,14
2026-08-27T23:08:40.281+02:00,not_evaluable,0,0,0.0,0.0,0,10
2026-08-27T23:09:10.283+02:00,not_evaluable,0,0,0.0,0.0,0,13
2026-08-27T23:09:40.282+02:00,not_evaluable,0,0,0.0,0.0,0,13
2026-08-27T23:10:10.309+02:00,not_evaluable,0,0,0.0,0.0,0,13
2026-08-27T23:10:40.283+02:00,not_evaluable,0,0,0.0,0.0,0,14
2026-08-27T23:11:10.282+02:00,not_evaluable,0,0,0.0,0.0,0,13
2026-08-27T23:11:40.285+02:00,not_evaluable,0,0,0.0,0.0,0,12
2026-08-27T23:12:10.284+02:00,not_evaluable,0,0,0.0,0.0,0,11
2026-08-27T23:12:40.285+02:00,not_evaluable,0,0,0.0,0.0,0,12
2026-08-27T23:13:10.286+02:00,not_evaluable,0,0,0.0,0.0,0,13
2026-08-27T23:13:40.284+02:00,not_evaluable,0,0,0.0,0.0,0,14
2026-08-27T23:14:10.286+02:00,not_evaluable,0,0,0.0,0.0,0,14
2026-08-27T23:14:40.287+02:00,not_evaluable,0,0,0.0,0.0,0,14
2026-08-27T23:15:10.286+02:00,not_evaluable,0,0,0.0,0.0,0,14
2026-08-27T23:15:40.287+02:00,not_evaluable,0,0,0.0,0.0,0,14
2026-08-27T23:16:10.287+02:00,not_evaluable,0,0,0.0,0.0,0,8
2026-08-27T23:16:40.286+02:00,not_evaluable,0,0,0.0,0.0,0,9
2026-08-27T23:17:40.290+02:00,not_evaluable,0,0,0.0,0.0,0,14
2026-08-27T23:18:10.290+02:00,not_evaluable,0,0,0.0,0.0,0,13
2026-08-27T23:18:40.292+02:00,not_evaluable,0,0,0.0,0.0,0,14
2026-08-27T23:19:10.288+02:00,not_evaluable,0,0,0.0,0.0,0,14
2026-08-27T23:19:40.292+02:00,not_evaluable,0,0,0.0,0.0,0,14
2026-08-27T23:20:10.289+02:00,not_evaluable,0,0,0.0,0.0,0,9
2026-08-27T23:20:40.292+02:00,not_evaluable,0,0,0.0,0.0,0,7
2026-08-27T23:21:10.334+02:00,not_evaluable,0,0,0.0,0.0,0,13
2026-08-27T23:21:40.315+02:00,not_evaluable,0,0,0.0,0.0,0,14
2026-08-27T23:22:10.334+02:00,not_evaluable,0,0,0.0,0.0,0,12
2026-08-27T23:22:40.298+02:00,not_evaluable,0,0,0.0,0.0,0,14
2026-08-27T23:23:10.293+02:00,not_evaluable,0,0,0.0,0.0,0,9
2026-08-27T23:23:40.293+02:00,not_evaluable,0,0,0.0,0.0,0,14
2026-08-27T23:24:10.293+02:00,not_evaluable,0,0,0.0,0.0,0,14
2026-08-27T23:24:40.296+02:00,not_evaluable,0,0,0.0,0.0,0,7
2026-08-27T23:25:10.295+02:00,not_evaluable,0,0,0.0,0.0,0,11
2026-08-27T23:25:40.296+02:00,not_evaluable,0,0,0.0,0.0,0,14
2026-08-27T23:26:10.296+02:00,not_evaluable,0,0,0.0,0.0,0,11
2026-08-27T23:26:40.294+02:00,not_evaluable,0,0,0.0,0.0,0,11
2026-08-27T23:27:10.295+02:00,not_evaluable,0,0,0.0,0.0,0,14
2026-08-27T23:27:40.296+02:00,not_evaluable,0,0,0.0,0.0,0,14
2026-08-27T23:28:10.297+02:00,not_evaluable,0,0,0.0,0.0,0,10
2026-08-27T23:28:40.298+02:00,not_evaluable,0,0,0.0,0.0,0,12
2026-08-27T23:29:10.296+02:00,not_evaluable,0,0,0.0,0.0,0,8
2026-08-27T23:29:40.298+02:00,not_evaluable,0,0,0.0,0.0,0,13
2026-08-27T23:30:10.298+02:00,not_evaluable,0,0,0.0,0.0,0,14
2026-08-27T23:30:40.299+02:00,not_evaluable,0,0,0.0,0.0,0,14
2026-08-27T23:31:10.299+02:00,not_evaluable,0,0,0.0,0.0,0,13
2026-08-27T23:31:40.301+02:00,not_evaluable,0,0,0.0,0.0,0,14
2026-08-27T23:32:10.299+02:00,not_evaluable,0,0,0.0,0.0,0,14
2026-08-27T23:32:40.303+02:00,not_evaluable,0,0,0.0,0.0,0,14
2026-08-27T23:33:10.305+02:00,not_evaluable,0,0,0.0,0.0,0,14
2026-08-27T23:33:40.304+02:00,not_evaluable,0,0,0.0,0.0,0,12
2026-08-27T23:34:10.309+02:00,not_evaluable,0,0,0.0,0.0,0,13
2026-08-27T23:34:40.311+02:00,not_evaluable,0,0,0.0,0.0,0,14
2026-08-27T23:35:10.301+02:00,not_evaluable,0,0,0.0,0.0,0,14
2026-08-27T23:35:40.302+02:00,not_evaluable,0,0,0.0,0.0,0,13
2026-08-27T23:36:10.303+02:00,not_evaluable,0,0,0.0,0.0,0,13
2026-08-27T23:36:40.308+02:00,not_evaluable,0,0,0.0,0.0,0,13
2026-08-27T23:37:10.306+02:00,not_evaluable,0,0,0.0,0.0,0,13
2026-08-27T23:37:40.305+02:00,not_evaluable,0,0,0.0,0.0,0,9
2026-08-27T23:38:10.305+02:00,not_evaluable,0,0,0.0,0.0,0,14
2026-08-27T23:38:40.305+02:00,not_evaluable,0,0,0.0,0.0,0,14
2026-08-27T23:39:10.309+02:00,not_evaluable,0,0,0.0,0.0,0,14
2026-08-27T23:39:40.305+02:00,not_evaluable,0,0,0.0,0.0,0,14
2026-08-27T23:40:10.307+02:00,not_evaluable,0,0,0.0,0.0,0,9
2026-08-27T23:40:40.306+02:00,not_evaluable,0,0,0.0,0.0,0,9
2026-08-27T23:41:10.307+02:00,not_evaluable,0,0,0.0,0.0,0,14
2026-08-27T23:41:40.306+02:00,not_evaluable,0,0,0.0,0.0,0,14
2026-08-27T23:42:10.308+02:00,not_evaluable,0,0,0.0,0.0,0,14
2026-08-27T23:42:40.306+02:00,not_evaluable,0,0,0.0,0.0,0,14
2026-08-27T23:43:10.308+02:00,not_evaluable,0,0,0.0,0.0,0,11
2026-08-27T23:43:40.309+02:00,not_evaluable,0,0,0.0,0.0,0,9
2026-08-27T23:44:10.309+02:00,not_evaluable,0,0,0.0,0.0,0,13
2026-08-27T23:44:40.309+02:00,not_evaluable,0,0,0.0,0.0,0,9
2026-08-27T23:45:10.310+02:00,not_evaluable,0,0,0.0,0.0,0,8
2026-08-27T23:45:40.309+02:00,not_evaluable,0,0,0.0,0.0,0,14
2026-08-27T23:46:10.312+02:00,not_evaluable,0,0,0.0,0.0,0,14
2026-08-27T23:46:40.310+02:00,not_evaluable,0,0,0.0,0.0,0,12
2026-08-27T23:47:10.312+02:00,not_evaluable,0,0,0.0,0.0,0,13
2026-08-27T23:47:40.312+02:00,not_evaluable,0,0,0.0,0.0,0,14
2026-08-27T23:48:10.317+02:00,not_evaluable,0,0,0.0,0.0,0,14
2026-08-27T23:48:40.314+02:00,not_evaluable,0,0,0.0,0.0,0,14
2026-08-27T23:49:10.318+02:00,not_evaluable,0,0,0.0,0.0,0,13
2026-08-27T23:49:40.315+02:00,not_evaluable,0,0,0.0,0.0,0,14
2026-08-27T23:50:10.316+02:00,not_evaluable,0,0,0.0,0.0,0,14
2026-08-27T23:50:40.313+02:00,not_evaluable,0,0,0.0,0.0,0,14
2026-08-27T23:51:10.315+02:00,not_evaluable,0,0,0.0,0.0,0,14
2026-08-27T23:51:40.315+02:00,not_evaluable,0,0,0.0,0.0,0,12
2026-08-27T23:52:10.318+02:00,not_evaluable,0,0,0.0,0.0,0,14
2026-08-27T23:52:40.316+02:00,not_evaluable,0,0,0.0,0.0,0,14
2026-08-27T23:53:10.319+02:00,not_evaluable,0,0,0.0,0.0,0,12
2026-08-27T23:53:40.319+02:00,not_evaluable,0,0,0.0,0.0,0,11
2026-08-27T23:54:10.316+02:00,not_evaluable,0,0,0.0,0.0,0,13
2026-08-27T23:54:40.317+02:00,not_evaluable,0,0,0.0,0.0,0,12
2026-08-27T23:55:10.318+02:00,not_evaluable,0,0,0.0,0.0,0,12
2026-08-27T23:55:40.318+02:00,not_evaluable,0,0,0.0,0.0,0,14
2026-08-27T23:56:10.318+02:00,not_evaluable,0,0,0.0,0.0,0,14
2026-08-27T23:56:40.318+02:00,not_evaluable,0,0,0.0,0.0,0,14
2026-08-27T23:57:10.321+02:00,not_evaluable,0,0,0.0,0.0,0,14
2026-08-27T23:57:40.318+02:00,not_evaluable,0,0,0.0,0.0,0,14
2026-08-27T23:58:10.321+02:00,nominal,0,0,-1.1221,-267.55,1,1389
2026-08-27T23:58:40.320+02:00,nominal,0,0,-1.0636,-23.03,1,1257
2026-08-27T23:59:10.321+02:00,nominal,0,0,-1.0344,-22.67,1,1209
2026-08-27T23:59:40.322+02:00,nominal,0,0,-1.0968,-27.33,1,1214
